"Date","Distance_Miles.sum","Distance_Miles.mean","Duration.sum","Duration.mean"
2016-07-19,1052.13,1.32844696969697,12208.3833333333,15.4146254208754
2016-07-20,1112.89,1.34569528415961,10879.4666666667,13.1553405884724
2016-07-21,948.64,1.40124076809453,9150.8,13.5166912850812
2016-07-22,889.43,1.29843795620438,8904.15,12.9987591240876
2016-07-23,852.46,1.37938511326861,9229.5,14.9344660194175
2016-07-24,667.47,1.37339506172839,7202.48333333333,14.8199245541838
2016-07-25,804.42,1.29536231884058,7773.26666666667,12.5173376274826
2016-07-26,973.54,1.31559459459459,9899.31666666667,13.377454954955
2016-07-27,900.52,1.27733333333333,8898.35,12.6217730496454
2016-07-28,902.03,1.33042772861357,8817.6,13.0053097345133
2016-07-29,840.88,1.23296187683284,8652.75,12.6873167155425
2016-07-30,851.94,1.36092651757188,9485.13333333334,15.1519701810437
2016-07-31,602.63,1.41462441314554,6516.96666666667,15.2980438184664
2016-08-01,764.8,1.25789473684211,7186.31666666667,11.8195997807018
2016-08-02,789.12,1.25058637083994,7470.68333333333,11.8394347596408
2016-08-03,1028.44,1.36579017264276,9564.33333333333,12.701637892873
2016-08-04,882.26,1.31680597014925,8633.16666666667,12.8853233830846
2016-08-05,916.98,1.30623931623932,8996.43333333333,12.8154320987654
2016-08-06,714.67,1.3458945386064,7432.4,13.9969868173258
2016-08-07,509.23,1.26674129353234,5414.4,13.4686567164179
2016-08-08,639.43,1.31030737704918,5961.03333333333,12.2152322404372
2016-08-09,702.2,1.28608058608059,6597.61666666667,12.083547008547
2016-08-10,884.08,1.35803379416283,8552.78333333333,13.1379160266257
2016-08-11,785.39,1.32443507588533,7421.95,12.5159359190557
2016-08-12,714.19,1.30564899451554,7042.35,12.8744972577697
2016-08-13,709.39,1.26001776198934,7653.71666666667,13.5945233866193
2016-08-14,589.38,1.25667377398721,6417.3,13.6829424307036
2016-08-15,757.88,1.25062706270627,7064.71666666667,11.6579482948295
2016-08-16,856.2,1.28558558558559,8219.28333333333,12.3412662662663
2016-08-17,931.3,1.32099290780142,8700.56666666667,12.3412293144208
2016-08-18,776.09,1.20324031007752,7468.06666666667,11.5783979328165
2016-08-19,692.46,1.25445652173913,6850.73333333333,12.4107487922705
2016-08-20,630.38,1.23603921568627,7043.36666666667,13.810522875817
2016-08-21,480.63,1.23873711340206,5160.68333333333,13.3007302405498
2016-08-22,765.47,1.3620462633452,7116.43333333333,12.6626927639383
2016-08-23,873.93,1.28708394698085,8583.33333333333,12.6411389297987
2016-08-24,839.9,1.26490963855422,7816.96666666667,11.7725401606426
2016-08-25,800.97,1.23797527047913,7573.41666666667,11.7054353426069
2016-08-26,816.79,1.28628346456693,8056.71666666667,12.6877427821522
2016-08-27,691.24,1.30916666666667,7403.08333333333,14.0209911616162
2016-08-28,638.2,1.31316872427984,6532.13333333333,13.4406035665295
2016-08-29,826.11,1.2728967642527,7734.25,11.9171802773498
2016-08-30,817.99,1.28010954616588,7650,11.9718309859155
2016-08-31,768.36,1.32934256055363,7173.86666666667,12.4115340253749
2016-09-01,693.57,1.17753820033956,6547.25,11.1158743633277
2016-09-02,622.14,1.30701680672269,5853.58333333333,12.297443977591
2016-09-03,459.36,1.20884210526316,5014.01666666667,13.1947807017544
2016-09-04,418.39,1.1919943019943,4240.68333333333,12.0817188983856
2016-09-05,524.75,1.29567901234568,5285.58333333333,13.0508230452675
2016-09-06,574.85,1.24157667386609,5030.78333333333,10.86562275018
2016-09-07,688.36,1.33403100775194,6108.55,11.8382751937984
2016-09-08,836.36,1.2557957957958,7793.95,11.7026276276276
2016-09-09,825.89,1.1883309352518,8064.86666666667,11.6041247002398
2016-09-10,664.28,1.297421875,6808.38333333333,13.2976236979167
2016-09-11,523.85,1.13880434782609,5376.11666666667,11.6872101449275
2016-09-12,741.82,1.27679862306368,6561.75,11.2938898450947
2016-09-13,732.78,1.25047781569966,6613.86666666667,11.2864618885097
2016-09-14,784.03,1.22123052959502,7278.58333333333,11.3373572170301
2016-09-15,746.53,1.29157439446367,6979.16666666667,12.0746828143022
2016-09-16,832.17,1.29419906687403,7854.85,12.2159409020218
2016-09-17,176.78,1.06493975903614,1651.35,9.94789156626506
2016-09-18,309.97,1.15660447761194,2951.43333333333,11.0128109452736
2016-09-19,610.18,1.28729957805907,5316.36666666667,11.2159634317862
2016-09-20,805.03,1.32624382207578,7245.43333333333,11.9364634816035
2016-09-21,665.36,1.21860805860806,6194.95,11.3460622710623
2016-09-22,772.37,1.33397236614853,6795.86666666667,11.737248128958
2016-09-23,597.29,1.18745526838966,5333.01666666667,10.6024188204109
2016-09-24,595.06,1.19012,6267.3,12.5346
2016-09-25,473.77,1.23699738903394,4946.7,12.9156657963447
2016-09-26,748.17,1.25321608040201,6778.2,11.3537688442211
2016-09-27,717.8,1.24402079722704,6525.6,11.3095320623917
2016-09-28,785.98,1.27181229773463,7266.65,11.7583333333333
2016-09-29,685.71,1.22012455516014,6316.73333333333,11.2397390272835
2016-09-30,716.53,1.19024916943522,6892.81666666667,11.449861572536
2016-10-01,407.11,1.19387096774194,3833.71666666667,11.2425708699902
2016-10-02,285.78,1.11198443579767,2970.13333333333,11.5569390402075
2016-10-03,606.1,1.22692307692308,5331.35,10.7922064777328
2016-10-04,411.44,1.19257971014493,3536.41666666667,10.2504830917874
2016-10-05,423.59,1.21372492836676,4018.13333333333,11.5132760267431
2016-10-06,503.92,1.13495495495495,4457.5,10.0394144144144
2016-10-07,516.49,1.2415625,4513.33333333333,10.849358974359
2016-10-08,393.19,1.32834459459459,3951.53333333333,13.3497747747748
2016-10-09,132.55,1.09545454545455,1288.61666666667,10.6497245179063
2016-10-10,542.83,1.25364896073903,4902.7,11.3226327944573
2016-10-11,663.57,1.25201886792453,5961.4,11.2479245283019
2016-10-12,653.76,1.26943689320388,5827.7,11.3159223300971
2016-10-13,207.9,1.155,1687.63333333333,9.37574074074074
2016-10-14,392.45,1.13753623188406,3816.08333333333,11.0611111111111
2016-10-15,178.87,1.14660256410256,1916.48333333333,12.2851495726496
2016-10-16,155.55,0.990764331210191,1393.85,8.87802547770701
2016-10-17,380.6,1.22774193548387,3364.45,10.853064516129
2016-10-18,493.57,1.18362110311751,4297.51666666667,10.305795363709
2016-10-19,565.77,1.26287946428571,4963,11.078125
2016-10-20,445.33,1.2268044077135,4000.35,11.0202479338843
2016-10-21,458.19,1.20576315789474,4116.4,10.8326315789474
2016-10-22,377.48,1.27959322033898,3988.48333333333,13.5202824858757
2016-10-23,258.46,1.22492890995261,2392.46666666667,11.3387045813586
2016-10-24,391.57,1.21984423676012,3386.21666666667,10.5489615784008
2016-10-25,544.15,1.19593406593407,4611.4,10.1349450549451
2016-10-26,352.4,1.20273037542662,2975.51666666667,10.1553469852105
2016-10-27,488.67,1.21862842892768,4289.7,10.697506234414
2016-10-28,651.23,1.24518164435946,6137.03333333333,11.7342893562779
2016-10-29,437.72,1.26875362318841,4680.56666666667,13.5668599033816
2016-10-30,165,1.11486486486486,1534.63333333333,10.3691441441441
2016-10-31,353.73,1.22822916666667,3235.01666666667,11.2326967592593
2016-11-01,568.61,1.18956066945607,5038.5,10.5407949790795
2016-11-02,566.89,1.2035881104034,4805.25,10.2022292993631
2016-11-03,588.37,1.29883002207506,5374.03333333333,11.8632082413539
2016-11-04,617.33,1.2676180698152,5668.91666666667,11.6404859685147
2016-11-05,141.83,1.108046875,1320.68333333333,10.3178385416667
2016-11-06,308.09,1.13268382352941,3016.55,11.0902573529412
2016-11-07,555.45,1.21809210526316,4558.35,9.99638157894737
2016-11-08,639.84,1.26450592885376,5738.73333333333,11.3413702239789
2016-11-09,525.09,1.29972772277228,4588.35,11.357301980198
2016-11-10,660.16,1.27937984496124,6020.28333333333,11.6672157622739
2016-11-11,516.68,1.24501204819277,4932.93333333333,11.8865863453815
2016-11-12,334.17,1.25627819548872,3289.36666666667,12.3660401002506
2016-11-13,263.96,1.14765217391304,2474.95,10.760652173913
2016-11-14,248.41,1.25459595959596,2104.98333333333,10.631228956229
2016-11-15,446.89,1.20781081081081,3811.7,10.3018918918919
2016-11-16,387.47,1.17060422960725,3266.26666666667,9.86787512588117
2016-11-17,534.39,1.19818385650224,4660.55,10.44966367713
2016-11-18,437.48,1.11318066157761,4064.78333333333,10.3429601357082
2016-11-19,237.88,1.12739336492891,2284.03333333333,10.8248025276461
2016-11-20,174.68,1.11974358974359,1749.7,11.2160256410256
2016-11-21,460.58,1.20255874673629,4106.41666666667,10.7217145343777
2016-11-22,334.12,1.14034129692833,2824.53333333333,9.64004550625711
2016-11-23,221.4,1.08,2180.2,10.6351219512195
2016-11-24,43.25,0.961111111111111,419.883333333333,9.33074074074074
2016-11-25,196.13,1.16744047619048,2017.9,12.0113095238095
2016-11-26,140.76,1.07450381679389,1401.08333333333,10.6952926208651
2016-11-27,145.79,1.03397163120567,1603.83333333333,11.3747044917258
2016-11-28,378.01,1.2642474916388,3368.83333333333,11.2670011148272
2016-11-29,455.18,1.29680911680912,3913.66666666667,11.1500474833808
2016-11-30,437.76,1.27255813953488,3783.03333333333,10.9971899224806
2016-12-01,485.06,1.24056265984655,4373.13333333333,11.184484228474
2016-12-02,356.91,1.18182119205298,3246.25,10.7491721854305
2016-12-03,211.81,1.04856435643564,2206.68333333333,10.9241749174917
2016-12-04,170.48,1.13653333333333,1709.6,11.3973333333333
2016-12-05,230.84,1.1960621761658,1958.03333333333,10.1452504317789
2016-12-06,366.99,1.23151006711409,3214.65,10.7874161073825
2016-12-07,316.96,1.2051711026616,2916.05,11.0876425855513
2016-12-08,112.69,1.17385416666667,917.233333333333,9.55451388888889
2016-12-09,63.09,1.43386363636364,669.95,15.2261363636364
2016-12-10,110.91,1.21879120879121,1164.46666666667,12.796336996337
2016-12-11,101.63,1.00623762376238,1023.21666666667,10.1308580858086
2016-12-12,372.49,1.36944852941176,3323.76666666667,12.2197303921569
2016-12-13,421.54,1.32144200626959,3593.68333333333,11.2654649947753
2016-12-14,284.66,1.31787037037037,2860.23333333333,13.2418209876543
2016-12-15,127.32,1.31257731958763,1478.41666666667,15.2414089347079
2016-12-16,141.88,1.2781981981982,1462.63333333333,13.1768768768769
2016-12-17,113.22,1.27213483146067,1065,11.9662921348315
2016-12-18,120.42,1.19227722772277,1274.35,12.6173267326733
2016-12-19,170.85,1.22913669064748,1520.91666666667,10.9418465227818
2016-12-20,313.28,1.21898832684825,2959.98333333333,11.5174448767834
2016-12-21,327.89,1.29600790513834,2844.16666666667,11.2417654808959
2016-12-22,274.56,1.29509433962264,2424.33333333333,11.435534591195
2016-12-23,235.42,1.18301507537688,2145.13333333333,10.7795644891122
2016-12-24,110.92,1.05638095238095,1060.35,10.0985714285714
2016-12-25,52.61,1.31525,446.366666666667,11.1591666666667
2016-12-26,101.85,1.28924050632911,957.6,12.1215189873418
2016-12-27,205.48,1.36986666666667,1749.48333333333,11.6632222222222
2016-12-28,231.87,1.36394117647059,2058.81666666667,12.1106862745098
2016-12-29,245.18,1.28366492146597,2146.4,11.2376963350785
2016-12-30,247.59,1.32401069518717,2312.01666666667,12.3637254901961
2016-12-31,122.22,1.358,1092.18333333333,12.1353703703704
2017-01-01,106.34,1.22229885057471,962.066666666666,11.0582375478927
2017-01-02,98.34,1.14348837209302,995.266666666667,11.5728682170543
2017-01-03,248.78,1.35945355191257,2061.75,11.266393442623
2017-01-04,229.79,1.305625,2045.58333333333,11.6226325757576
2017-01-05,224.46,1.27534090909091,1885.28333333333,10.7118371212121
2017-01-06,225.84,1.15224489795918,2013.81666666667,10.274574829932
2017-01-07,53.75,0.895833333333333,569.8,9.49666666666667
2017-01-08,14.34,0.843529411764706,129.466666666667,7.61568627450981
2017-01-09,151.08,1.46679611650485,1353.15,13.1373786407767
2017-01-10,229.49,1.26093406593407,2081.21666666667,11.4352564102564
2017-01-11,38.55,0.988461538461539,709.266666666667,18.1863247863248
2017-01-12,75.69,1.305,1101.05,18.9836206896552
2017-01-13,64.16,1.30938775510204,748.133333333333,15.2680272108844
2017-01-14,31.25,1.11607142857143,366.533333333333,13.0904761904762
2017-01-15,28.89,1.07,390.583333333333,14.466049382716
2017-01-16,31.27,1.2508,381.8,15.272
2017-01-17,24.4,1.28421052631579,246.533333333333,12.9754385964912
2017-01-18,86.68,1.46915254237288,790.133333333333,13.3920903954802
2017-01-19,308.01,1.31068085106383,2617.26666666667,11.137304964539
2017-01-20,274.19,1.4355497382199,2304.43333333333,12.0650959860384
2017-01-21,314.19,1.4478801843318,2857.86666666667,13.1698924731183
2017-01-22,181.64,1.31623188405797,1840.15,13.3344202898551
2017-01-23,386.47,1.30564189189189,3174.55,10.7248310810811
2017-01-24,348.88,1.3522480620155,2905.51666666667,11.2616925064599
2017-01-25,367.7,1.29929328621908,3111.53333333333,10.9948174322733
2017-01-26,385.16,1.32813793103448,3060.16666666667,10.5522988505747
2017-01-27,406.65,1.32029220779221,3575.81666666667,11.6097943722944
2017-01-28,250.32,1.29699481865285,2517.06666666667,13.0417962003454
2017-01-29,148.77,1.11857142857143,1325.93333333333,9.96942355889724
2017-01-30,335.06,1.31913385826772,2623.66666666667,10.3293963254593
2017-01-31,356.33,1.29105072463768,2980.83333333333,10.8001207729469
2017-02-01,318.36,1.25338582677165,2756.81666666667,10.8536089238845
2017-02-02,278.98,1.30364485981308,2321.5,10.8481308411215
2017-02-03,85.09,1.2331884057971,721.283333333333,10.4533816425121
2017-02-04,122.6,1.2639175257732,1105.85,11.4005154639175
2017-02-05,35.91,1.05617647058824,285.583333333333,8.39950980392157
2017-02-06,222.72,1.23733333333333,1796.41666666667,9.98009259259259
2017-02-07,291.73,1.39583732057416,2272.78333333333,10.8745614035088
2017-02-08,168.42,1.24755555555556,1274.55,9.44111111111111
2017-02-09,266.11,1.3439898989899,2296.43333333333,11.5981481481481
2017-02-10,286.5,1.32638888888889,2372.28333333333,10.9827932098765
2017-02-11,246.58,1.37754189944134,2398.03333333333,13.396834264432
2017-02-12,170.62,1.10792207792208,1651.4,10.7233766233766
2017-02-13,408.14,1.35594684385382,3525.56666666667,11.71284606866
2017-02-14,381.61,1.24302931596091,3371.03333333333,10.9805646036916
2017-02-15,132.22,1.29627450980392,952.2,9.33529411764706
2017-02-16,157.6,1.18496240601504,1248.71666666667,9.38884711779449
2017-02-17,395.73,1.28483766233766,3444.43333333333,11.1832251082251
2017-02-18,179.09,1.33649253731343,1796.25,13.4048507462687
2017-02-19,140.2,1.29814814814815,1177.66666666667,10.9043209876543
2017-02-20,162.47,1.28944444444444,1413.81666666667,11.2207671957672
2017-02-21,281.62,1.27429864253394,2372.76666666667,10.7365007541478
2017-02-22,442.3,1.31246290801187,3805.6,11.2925816023739
2017-02-23,442.72,1.26491428571429,3734.63333333333,10.670380952381
2017-02-24,245.79,1.13791666666667,2188.75,10.1331018518519
2017-02-25,257.55,1.21485849056604,2346.58333333333,11.0687893081761
2017-02-26,147.23,1.1969918699187,1421.15,11.5540650406504
2017-02-27,266.92,1.31487684729064,2200.75,10.8411330049261
2017-02-28,402.25,1.33637873754153,3414.75,11.3446843853821
2017-03-01,344.77,1.27221402214022,3011.9,11.1140221402214
2017-03-02,335.42,1.20654676258993,2732.81666666667,9.8302757793765
2017-03-03,306.24,1.28672268907563,2667.35,11.2073529411765
2017-03-04,134.27,1.1675652173913,1263.75,10.9891304347826
2017-03-05,120.87,1.03307692307692,1130.93333333333,9.66609686609687
2017-03-06,253.38,1.32659685863874,2164.55,11.332722513089
2017-03-07,178.97,1.43176,1403.65,11.2292
2017-03-08,246.53,1.36961111111111,2071.15,11.5063888888889
2017-03-09,211.78,1.29926380368098,1730.41666666667,10.6160531697342
2017-03-10,502.92,1.33755319148936,4839.68333333333,12.8714982269504
2017-03-11,146.7,1.30982142857143,1374.13333333333,12.2690476190476
2017-03-12,353.73,1.30047794117647,3786.36666666667,13.9204656862745
2017-03-13,223.72,1.30830409356725,1765.31666666667,10.3234892787524
2017-03-14,285.2,1.30825688073394,2266.18333333333,10.3953363914373
2017-03-15,269.4,1.29519230769231,2308.2,11.0971153846154
2017-03-16,495.68,1.32181333333333,4536,12.096
2017-03-17,244.18,1.31279569892473,1969.46666666667,10.5885304659498
2017-03-18,216.27,1.3028313253012,1914.3,11.5319277108434
2017-03-19,401.17,1.35530405405405,4016.45,13.5690878378378
2017-03-20,318.33,1.25822134387352,2687.21666666667,10.6214097496706
2017-03-21,411.67,1.39549152542373,3741.18333333333,12.6819774011299
2017-03-22,428.35,1.33027950310559,3811.18333333333,11.8359730848861
2017-03-23,486.44,1.40184438040346,4398.91666666667,12.6769932756964
2017-03-24,236.5,1.23177083333333,2065.63333333333,10.7585069444444
2017-03-25,375.12,1.27591836734694,3635.61666666667,12.3660430839002
2017-03-26,110.99,0.917272727272727,1078.85,8.91611570247934
2017-03-27,351.18,1.30550185873606,3093.51666666667,11.5000619578686
2017-03-28,453.81,1.350625,4134.35,12.3046130952381
2017-03-29,384.96,1.38474820143885,3520.66666666667,12.6642685851319
2017-03-30,405.04,1.28584126984127,3672.51666666667,11.6587830687831
2017-03-31,498.53,1.29825520833333,4877.55,12.701953125
2017-04-01,343.92,1.34870588235294,3377.08333333333,13.2434640522876
2017-04-02,368.09,1.32406474820144,3655.55,13.1494604316547
2017-04-03,535.55,1.27209026128266,5175.85,12.2941805225653
2017-04-04,446.07,1.24600558659218,4009.26666666667,11.1990689013035
2017-04-05,507.89,1.35437333333333,4654.85,12.4129333333333
2017-04-06,417.45,1.3915,3638.5,12.1283333333333
2017-04-07,366.64,1.26427586206897,3084.38333333333,10.6358045977012
2017-04-08,382.55,1.40643382352941,3963.15,14.5704044117647
2017-04-09,275.98,1.26596330275229,2734.4,12.543119266055
2017-04-10,406.37,1.31087096774194,3526.83333333333,11.3768817204301
2017-04-11,511.09,1.33443864229765,4488.41666666667,11.7191035683203
2017-04-12,375.08,1.34920863309353,3226.8,11.6071942446043
2017-04-13,479.49,1.28549597855228,4159.26666666667,11.1508489722967
2017-04-14,378.69,1.17605590062112,3622.33333333333,11.2494824016563
2017-04-15,577.97,1.33480369515012,5932.36666666667,13.7006158583526
2017-04-16,249.23,1.22773399014778,2477.4,12.2039408866995
2017-04-17,426.03,1.30284403669725,3976.76666666667,12.1613659531091
2017-04-18,669.35,1.41511627906977,6052.15,12.7952431289641
2017-04-19,386.41,1.29667785234899,3276.7,10.9956375838926
2017-04-20,522.81,1.32022727272727,4721.28333333333,11.9224326599327
2017-04-21,641.17,1.31927983539095,6354.51666666667,13.0751371742112
2017-04-22,462.99,1.342,4659.86666666667,13.5068599033816
2017-04-23,222.5,1.30116959064327,2113.25,12.3581871345029
2017-04-24,321.41,1.31725409836066,2972.56666666667,12.182650273224
2017-04-25,458.18,1.32805797101449,4042.16666666667,11.7164251207729
2017-04-26,522.42,1.34992248062016,4699.3,12.1428940568475
2017-04-27,590.67,1.33938775510204,5438.36666666667,12.3318972033258
2017-04-28,666.92,1.31025540275049,6461.51666666667,12.6945317616241
2017-04-29,420.84,1.31924764890282,4506.73333333333,14.1276907001045
2017-04-30,406.64,1.16515759312321,4722.51666666667,13.5315663801337
2017-05-01,649.81,1.34815352697095,6062.81666666667,12.5784578146611
2017-05-02,581.51,1.3156334841629,5405.55,12.2297511312217
2017-05-03,1070.81,1.41081686429513,10316.5666666667,13.5923144488362
2017-05-04,1010.09,1.37802182810368,9730.3,13.2746248294679
2017-05-05,612.04,1.30498933901919,6117.33333333333,13.043354655295
2017-05-06,599.98,1.28475374732334,6434.46666666667,13.778301213419
2017-05-07,605.74,1.3893119266055,6329.95,14.5182339449541
2017-05-08,849.55,1.307,8131.01666666667,12.5092564102564
2017-05-09,985.86,1.44766519823789,9274.96666666667,13.6196279980421
2017-05-10,948.64,1.36103299856528,8909,12.7819225251076
2017-05-11,474.51,1.21982005141388,4438.36666666667,11.4096829477292
2017-05-12,524.56,1.2579376498801,4850.08333333333,11.630895283773
2017-05-13,242.1,1.19261083743842,2505.01666666667,12.3399835796388
2017-05-14,290.8,1.16787148594378,3249.28333333333,13.0493306559572
2017-05-15,572.85,1.26178414096916,5155.26666666667,11.3552129221733
2017-05-16,512.73,1.24751824817518,4823.33333333333,11.735604217356
2017-05-17,691.16,1.27520295202952,6162.81666666667,11.3705104551045
2017-05-18,792.11,1.30927272727273,7474.05,12.3538016528926
2017-05-19,854.83,1.32737577639752,8487.88333333333,13.1799430641822
2017-05-20,607.91,1.27444444444444,6788.56666666667,14.2317959468903
2017-05-21,623.7,1.2350495049505,7025.46666666667,13.9118151815182
2017-05-22,863.39,1.29443778110945,8761.26666666667,13.1353323338331
2017-05-23,947.43,1.29784931506849,9237.21666666667,12.6537214611872
2017-05-24,862.87,1.2764349112426,8237.33333333333,12.1854043392505
2017-05-25,905.43,1.31221739130435,8737.86666666667,12.6635748792271
2017-05-26,1036.27,1.27934567901235,11591.4166666667,14.3103909465021
2017-05-27,689.78,1.2383842010772,7886.73333333333,14.1593058049072
2017-05-28,601.13,1.1786862745098,6792.38333333333,13.3183986928105
2017-05-29,579.55,1.2850332594235,6464.7,14.3341463414634
2017-05-30,528.51,1.376328125,4857.06666666667,12.6486111111111
2017-05-31,849.39,1.18629888268156,8459.86666666667,11.8154562383613
2017-06-01,923.78,1.23006657789614,9244.78333333333,12.3099644917887
2017-06-02,947.63,1.26519359145527,9352.55,12.4867156208278
2017-06-03,745.78,1.2306600660066,8407.85,13.8743399339934
2017-06-04,598.69,1.24987473903967,6527.36666666667,13.6270702853166
2017-06-05,952.32,1.32266666666667,9232.25,12.8225694444444
2017-06-06,1000.52,1.32343915343915,9811.68333333333,12.9784171075838
2017-06-07,1012,1.31942633637549,9888.85,12.8928943937419
2017-06-08,692.7,1.18410256410256,6820.83333333333,11.6595441595442
2017-06-09,708.91,1.17759136212625,6717.11666666667,11.1580011074197
2017-06-10,618.66,1.21068493150685,6535.36666666667,12.7893672537508
2017-06-11,639.39,1.22488505747126,6910.68333333333,13.2388569604087
2017-06-12,783.5,1.28653530377668,7746.05,12.7192939244663
2017-06-13,740.65,1.20627035830619,7213.81666666667,11.7488870792617
2017-06-14,837.56,1.26519637462236,7742.11666666667,11.6950402819738
2017-06-15,482.89,1.22250632911392,4733.9,11.9845569620253
2017-06-16,536.8,1.22557077625571,5532.11666666667,12.630403348554
2017-06-17,672.27,1.3028488372093,7355.03333333333,14.2539405684755
2017-06-18,801.79,1.2056992481203,9641.08333333333,14.4978696741855
2017-06-19,828.62,1.18543633762518,8496.23333333333,12.1548402479733
2017-06-20,885.07,1.29018950437318,8388.46666666667,12.2280855199223
2017-06-21,914.03,1.26247237569061,8977.68333333333,12.4001151012891
2017-06-22,896.98,1.21706919945726,8957.55,12.1540705563094
2017-06-23,885.58,1.23684357541899,8757.16666666667,12.2306797020484
2017-06-24,626.74,1.18925996204934,7247.46666666667,13.7523086654016
2017-06-25,571.78,1.22175213675214,6245.05,13.3441239316239
2017-06-26,939.53,1.29411845730028,8907.4,12.2691460055096
2017-06-27,911.81,1.24564207650273,8813.48333333333,12.0402777777778
2017-06-28,966.49,1.23276785714286,9386.56666666667,11.9726615646259
2017-06-29,946.4,1.30358126721763,9272.03333333333,12.7713957759412
2017-06-30,1015.58,1.2584634448575,10143.8833333333,12.5698678232135
2017-07-01,705.91,1.22766956521739,7645.9,13.2972173913043
2017-07-02,652.49,1.27939215686275,7451.85,14.6114705882353
2017-07-03,846.01,1.22610144927536,8978.51666666667,13.0123429951691
2017-07-04,779.71,1.2866501650165,9209.1,15.1965346534653
2017-07-05,905.66,1.24918620689655,8913.68333333333,12.2947356321839
2017-07-06,880.44,1.20114597544338,8649.1,11.7995907230559
2017-07-07,923.39,1.24111559139785,9333.36666666667,12.5448476702509
2017-07-08,747.69,1.32334513274336,7436.16666666667,13.1613569321534
2017-07-09,671.07,1.16303292894281,7341.91666666667,12.72429231658
2017-07-10,856.04,1.20739069111425,8284.58333333333,11.6848848142924
2017-07-11,1037.28,1.24374100719424,10123.3833333333,12.1383493205436
2017-07-12,1026.33,1.2781195516812,9906.78333333333,12.3372146118721
2017-07-13,994.21,1.26008871989861,9708.53333333333,12.3048584706379
2017-07-14,989.86,1.26580562659847,9541.93333333333,12.2019607843137
2017-07-15,734.27,1.24875850340136,7820.11666666667,13.2995181405896
2017-07-16,620.95,1.07991304347826,6613.91666666667,11.5024637681159
2017-07-17,1037,1.23159144893112,9871.6,11.7239904988124
2017-07-18,1028.2,1.283645443196,10133.5,12.6510611735331
2017-07-19,1287.08,1.32962809917355,12465,12.8770661157025
2017-07-20,1003.36,1.20886746987952,9219.9,11.108313253012
2017-07-21,1113.92,1.23906562847608,11407.55,12.6891546162403
2017-07-22,672.13,1.15884482758621,7730.06666666667,13.3277011494253
2017-07-23,589.71,1.1428488372093,6884.3,13.3416666666667
2017-07-24,888.19,1.23359722222222,8970.98333333333,12.4596990740741
2017-07-25,1026.04,1.29061635220126,9529.21666666667,11.9864360587002
2017-07-26,1123.65,1.27542565266742,10753.8166666667,12.2063753310632
2017-07-27,1049.08,1.29516049382716,9974.46666666667,12.3141563786008
2017-07-28,1082.22,1.27021126760563,11154.6333333333,13.0922926447574
2017-07-29,749.52,1.17664050235479,8449.11666666667,13.2639194139194
2017-07-30,610.8,1.09266547406082,6547.1,11.7121645796064
2017-07-31,826.05,1.18856115107914,8015.08333333333,11.5324940047962
2017-08-01,867.89,1.20040110650069,8516.26666666667,11.7790686952513
2017-08-02,811.55,1.22962121212121,7523.6,11.3993939393939
2017-08-03,754.51,1.16616692426584,7499.35,11.5909582689335
2017-08-04,800.33,1.14332857142857,8144.53333333333,11.6350476190476
2017-08-05,660.31,1.13650602409639,7309.28333333333,12.5805220883534
2017-08-06,580.2,1.10514285714286,6793.26666666667,12.9395555555556
2017-08-07,845.25,1.225,8379.2,12.143768115942
2017-08-08,936.51,1.26044414535666,8746.75,11.7722072678331
2017-08-09,908.56,1.19233595800525,8722.38333333333,11.446697287839
2017-08-10,946.06,1.24318002628121,9195.71666666667,12.0837275514674
2017-08-11,1012.3,1.19657210401891,9831.53333333333,11.6211977935382
2017-08-12,636.7,1.30204498977505,6704.65,13.7109406952965
2017-08-13,516.03,1.15185267857143,5850.88333333333,13.0600074404762
2017-08-14,841.72,1.28115677321157,8430.08333333333,12.8311770674784
2017-08-15,941.67,1.27424898511502,9086.33333333333,12.2954442940911
2017-08-16,902.86,1.26097765363128,9097.35,12.7057960893855
2017-08-17,972.6,1.26311688311688,9589.73333333333,12.4541991341991
2017-08-18,1137.18,1.36026315789474,11030.7,13.1946172248804
2017-08-19,578.18,1.1292578125,6340.61666666667,12.3840169270833
2017-08-20,555.16,1.21479212253829,6340.15,13.8734135667396
2017-08-21,715.9,1.22585616438356,7306.63333333333,12.5113584474886
2017-08-22,934.17,1.25223860589812,8830.7,11.837399463807
2017-08-23,972.61,1.24374680306905,9329.83333333333,11.9307331628303
2017-08-24,902.13,1.21909459459459,8826.16666666667,11.9272522522523
2017-08-25,893.22,1.21361413043478,8667.11666666667,11.7759737318841
2017-08-26,725.38,1.18914754098361,7552.2,12.3806557377049
2017-08-27,641.01,1.19368715083799,6881,12.8137802607076
2017-08-28,796.28,1.19203592814371,7996,11.9700598802395
2017-08-29,889.17,1.23667593880389,8647.55,12.02719054242
2017-08-30,896.08,1.25150837988827,8526.11666666667,11.9079841713222
2017-08-31,800.12,1.20864048338369,7947.46666666667,12.0052366565962
2017-09-01,824.79,1.20407299270073,8440.76666666667,12.3222871046229
2017-09-02,535.48,1.17172866520788,5680.05,12.4289934354486
2017-09-03,455.52,1.17705426356589,5383,13.9095607235142
2017-09-04,442.16,1.20479564032698,4813.06666666667,13.1146230699364
2017-09-05,553.52,1.09825396825397,5470.45,10.8540674603175
2017-09-06,550.56,1.05471264367816,5265.46666666667,10.0871008939974
2017-09-07,672.35,1.17956140350877,6746.95,11.8367543859649
2017-09-08,784.72,1.19258358662614,7836.66666666667,11.9098277608916
2017-09-09,507.99,1.18689252336449,5581.56666666667,13.0410436137072
2017-09-10,533.55,1.20712669683258,5522.4,12.4941176470588
2017-09-11,771.66,1.21905213270142,7319.88333333333,11.5637967351238
2017-09-12,797.43,1.29243111831442,7473.26666666667,12.112263641275
2017-09-13,885.42,1.28136034732272,7956.35,11.5142547033285
2017-09-14,810.19,1.20743666169896,7708.11666666667,11.4875062096374
2017-09-15,850.65,1.2677347242921,8390.18333333333,12.503999006458
2017-09-16,495.45,1.21732186732187,5403.81666666667,13.2771908271908
2017-09-17,355.16,1.03244186046512,3608.11666666667,10.4887112403101
2017-09-18,435.3,1.16702412868633,4184.85,11.219436997319
2017-09-19,564.12,1.19770700636943,5115.66666666667,10.861288039632
2017-09-20,532.42,1.16758771929825,5168.91666666667,11.3353435672515
2017-09-21,658.86,1.20229927007299,5984.28333333333,10.9202250608273
2017-09-22,701.79,1.1775,6618.2,11.1043624161074
2017-09-23,542.66,1.29822966507177,5802.6,13.8818181818182
2017-09-24,587.88,1.25615384615385,6067.76666666667,12.9653133903134
2017-09-25,682.07,1.25611418047882,6694.8,12.3292817679558
2017-09-26,812.14,1.26698907956318,7356.08333333333,11.4759490379615
2017-09-27,788.07,1.22752336448598,7207.71666666667,11.2269730010384
2017-09-28,789.96,1.28032414910859,7507.25,12.1673419773096
2017-09-29,636.91,1.25129666011788,6149.63333333333,12.0817943680419
2017-09-30,457.98,1.16534351145038,4943.65,12.579262086514
2017-10-01,325.28,1.22747169811321,3383.23333333333,12.7669182389937
2017-10-02,686.56,1.24602540834846,6378.01666666667,11.5753478523896
2017-10-03,615.31,1.24556680161943,6065.43333333333,12.2782051282051
2017-10-04,742.44,1.23124378109453,7071.01666666667,11.7263957987839
2017-10-05,717.68,1.24166089965398,6992.5,12.0977508650519
2017-10-06,753.44,1.24741721854305,7592.58333333333,12.5705022075055
2017-10-07,446.87,1.14582051282051,4930.83333333333,12.6431623931624
2017-10-08,403.77,1.20889221556886,4199.21666666667,12.57250499002
2017-10-09,652.38,1.2521689059501,5976.36666666667,11.4709532949456
2017-10-10,574.09,1.22146808510638,5020.4,10.6817021276596
2017-10-11,480.06,1.12955294117647,4523.63333333333,10.6438431372549
2017-10-12,493.81,1.15646370023419,4611.96666666667,10.8008587041374
2017-10-13,593.36,1.17730158730159,5722.05,11.3532738095238
2017-10-14,432.48,1.24634005763689,4290.45,12.364409221902
2017-10-15,412.83,1.12487738419619,4277.53333333333,11.65540417802
2017-10-16,684.48,1.22886894075404,6326.63333333333,11.358408138839
2017-10-17,599.69,1.20661971830986,5274.33333333333,10.6123407109323
2017-10-18,541.9,1.16287553648069,5096.28333333333,10.9362303290415
2017-10-19,349.74,1.15046052631579,3011.41666666667,9.90597587719298
2017-10-20,451.86,1.13818639798489,4352.51666666667,10.9635180520571
2017-10-21,127.74,1.01380952380952,1187,9.42063492063492
2017-10-22,395.78,1.23295950155763,4040.55,12.5873831775701
2017-10-23,684.62,1.26781481481481,6279.95,11.629537037037
2017-10-24,788.88,1.22496894409938,7664.13333333333,11.9008281573499
2017-10-25,702.3,1.23427065026362,6912.43333333333,12.1483889865261
2017-10-26,747.08,1.25983136593592,6835.05,11.5262225969646
2017-10-27,750.38,1.24647840531561,7196.06666666667,11.9535991140642
2017-10-28,526.02,1.1287982832618,5806.85,12.4610515021459
2017-10-29,320.45,1.14446428571429,3332.36666666667,11.9013095238095
2017-10-30,684.53,1.21802491103203,6191.88333333333,11.0175860023725
2017-10-31,633.19,1.15335154826958,6089.88333333333,11.0926836672738
2017-11-01,656.7,1.23208255159475,5888.08333333333,11.0470606629143
2017-11-02,493.9,1.19299516908213,4422.11666666667,10.6814412238325
2017-11-03,509.63,1.23696601941748,4742.35,11.5105582524272
2017-11-04,245.06,1.05175965665236,2524.7,10.8356223175966
2017-11-05,281.14,1.05295880149813,2797.43333333333,10.4772784019975
2017-11-06,544.59,1.17622030237581,5006.78333333333,10.8137868970482
2017-11-07,557.45,1.14466119096509,5161.15,10.5978439425051
2017-11-08,432.59,1.19170798898072,4109.05,11.319696969697
2017-11-09,443.31,1.15145454545455,3932.8,10.2150649350649
2017-11-10,414.93,1.16553370786517,3900.51666666667,10.9565074906367
2017-11-11,266.12,1.06875502008032,2708.55,10.8777108433735
2017-11-12,201.71,1.07866310160428,1983.63333333333,10.6076648841355
2017-11-13,411.81,1.113,4173.43333333333,11.2795495495496
2017-11-14,529.47,1.15352941176471,4916.23333333333,10.7107480029049
2017-11-15,315.79,1.2335546875,2777.63333333333,10.8501302083333
2017-11-16,432.66,1.15376,3861.08333333333,10.2962222222222
2017-11-17,507.02,1.20432304038005,4756.11666666667,11.2971892319873
2017-11-18,346.38,1.14316831683168,3316.16666666667,10.9444444444444
2017-11-19,211.05,1.08788659793814,2254.18333333333,11.6195017182131
2017-11-20,392.92,1.1258452722063,3705.16666666667,10.616523400191
2017-11-21,318.16,1.21900383141762,2772.45,10.6224137931034
2017-11-22,395.23,1.14559420289855,4044.05,11.721884057971
2017-11-23,157.36,1.04211920529801,1773.88333333333,11.7475717439294
2017-11-24,330.73,1.1098322147651,3570.45,11.9813758389262
2017-11-25,199.89,1.06324468085106,2060.96666666667,10.9625886524823
2017-11-26,135.92,0.984927536231884,1448.33333333333,10.4951690821256
2017-11-27,547.18,1.24359090909091,5517.93333333333,12.5407575757576
2017-11-28,371.01,1.24083612040134,3424.23333333333,11.4522853957637
2017-11-29,527.05,1.16346578366446,4727.65,10.4363134657837
2017-11-30,405.15,1.19866863905325,3467.01666666667,10.2574457593688
2017-12-01,517.02,1.21651764705882,4551.3,10.7089411764706
2017-12-02,200.7,1.09076086956522,2178.68333333333,11.8406702898551
2017-12-03,272.82,1.04930769230769,3248.58333333333,12.4945512820513
2017-12-04,497.82,1.16585480093677,4930.45,11.5467213114754
2017-12-05,562.79,1.25903803131991,5165.28333333333,11.5554436987323
2017-12-06,446.25,1.24650837988827,4018.91666666667,11.2260242085661
2017-12-07,535.05,1.19697986577181,4684.75,10.4804250559284
2017-12-08,469.11,1.2059383033419,4794.18333333333,12.3243787489289
2017-12-09,308.14,1.22764940239044,3094.43333333333,12.3284196547145
2017-12-10,210.33,1.07311224489796,2139.75,10.9170918367347
2017-12-11,425.94,1.22045845272206,3746.1,10.7338108882521
2017-12-12,490.95,1.22126865671642,4338.2,10.7915422885572
2017-12-13,464.24,1.19035897435897,4017.25,10.300641025641
2017-12-14,410.3,1.18242074927954,3689.08333333333,10.6313640730067
2017-12-15,418.47,1.17218487394958,3784.48333333333,10.6007936507937
2017-12-16,258.21,1.12265217391304,2735.63333333333,11.8940579710145
2017-12-17,243.35,1.10113122171946,2626.56666666667,11.8849170437406
2017-12-18,352.34,1.17056478405316,3235.61666666667,10.7495570321152
2017-12-19,247.39,1.13481651376147,2462.83333333333,11.2974006116208
2017-12-20,395.88,1.18173134328358,3753.08333333333,11.2032338308458
2017-12-21,375.2,1.113353115727,3533.23333333333,10.484371909001
2017-12-22,279.65,1.23193832599119,2593.66666666667,11.4258443465492
2017-12-23,160.3,1.08310810810811,1879.41666666667,12.6987612612613
2017-12-24,54.81,0.996545454545455,696.75,12.6681818181818
2017-12-25,21.21,0.8484,327.766666666666,13.1106666666667
2017-12-26,98.91,1.08692307692308,1222.33333333333,13.4322344322344
2017-12-27,140.13,1.20801724137931,1409.58333333333,12.1515804597701
2017-12-28,183.08,1.26262068965517,1805.3,12.4503448275862
2017-12-29,191.59,1.26046052631579,2038.46666666667,13.4109649122807
2017-12-30,222.65,1.20351351351351,2341.2,12.6551351351351
2017-12-31,202.15,1.08682795698925,2307.76666666667,12.4073476702509
2018-01-01,169.16,1.09135483870968,1847.96666666667,11.9223655913979
2018-01-02,295.67,1.1549609375,2876.11666666667,11.2348307291667
2018-01-03,309.83,1.16477443609023,3037.58333333333,11.4194862155388
2018-01-04,354.8,1.21092150170648,3266.08333333333,11.1470420932878
2018-01-05,329.68,1.29286274509804,3303.73333333333,12.9558169934641
2018-01-06,236.18,1.15774509803922,2386.86666666667,11.7003267973856
2018-01-07,155.87,1.12949275362319,1658.33333333333,12.0169082125604
2018-01-08,375.34,1.21077419354839,3200.2,10.3232258064516
2018-01-09,311.8,1.17218045112782,3108.2,11.684962406015
2018-01-10,379.81,1.2212540192926,3477.45,11.1815112540193
2018-01-11,277.61,1.2504954954955,2522.23333333333,11.3614114114114
2018-01-12,409.16,1.16902857142857,3575.05,10.2144285714286
2018-01-13,418.14,1.28658461538462,4360.08333333333,13.415641025641
2018-01-14,321.14,1.176336996337,3345.25,12.253663003663
2018-01-15,362.38,1.22013468013468,3624.53333333333,12.2038159371493
2018-01-16,504.71,1.22800486618005,4660.88333333333,11.3403487429035
2018-01-17,408.17,1.18654069767442,3582.31666666667,10.4137112403101
2018-01-18,389.66,1.20637770897833,3636.61666666667,11.258875128999
2018-01-19,408.5,1.26470588235294,3608.48333333333,11.1717750257998
2018-01-20,255.42,1.05545454545455,2584.65,10.6803719008264
2018-01-21,156.13,0.994458598726115,1707.93333333333,10.8785562632696
2018-01-22,381.14,1.20233438485804,3568.33333333333,11.2565720294427
2018-01-23,268.88,1.11107438016529,2558.48333333333,10.5722451790634
2018-01-24,351.82,1.26553956834532,3328.03333333333,11.9713429256595
2018-01-25,288.86,1.128359375,2670.03333333333,10.4298177083333
2018-01-26,347.72,1.18272108843537,3343.41666666667,11.3721655328798
2018-01-27,235.59,1.20815384615385,2434.63333333333,12.4852991452991
2018-01-28,275.68,1.16813559322034,2541.4,10.7686440677966
2018-01-29,313.62,1.20623076923077,2835.3,10.905
2018-01-30,404.04,1.14784090909091,3823.6,10.8625
2018-01-31,443.44,1.1888471849866,3752.06666666667,10.0591599642538
2018-02-01,427.62,1.29581818181818,3905.56666666667,11.8350505050505
2018-02-02,583.56,1.28254945054945,5399.48333333333,11.8669963369963
2018-02-03,430.95,1.23481375358166,4203.38333333333,12.0440783190067
2018-02-04,247.13,1.09835555555556,2732.41666666667,12.1440740740741
2018-02-05,459.6,1.17544757033248,4078.71666666667,10.4315004262575
2018-02-06,501.53,1.13984090909091,4492.43333333333,10.2100757575758
2018-02-07,579.96,1.19826446280992,5690.28333333333,11.7567837465565
2018-02-08,553.53,1.25517006802721,5297.15,12.0116780045351
2018-02-09,541.7,1.29593301435407,4865.9,11.6409090909091
2018-02-10,315.19,1.16306273062731,3069.11666666667,11.3251537515375
2018-02-11,288.7,1.09771863117871,3027.36666666667,11.5108998732573
2018-02-12,495.35,1.20230582524272,4649.8,11.2859223300971
2018-02-13,466.56,1.24416,4420.2,11.7872
2018-02-14,392.39,1.18189759036145,3826.8,11.5265060240964
2018-02-15,445.46,1.1753562005277,4072.36666666667,10.7450307827617
2018-02-16,413.93,1.25433333333333,3877.76666666667,11.7508080808081
2018-02-17,210.41,1.08458762886598,2197.81666666667,11.3289518900344
2018-02-18,103.83,1.15366666666667,1098.06666666667,12.2007407407407
2018-02-19,263.98,1.28770731707317,2567.96666666667,12.5266666666667
2018-02-20,193.41,1.21641509433962,1564.25,9.83805031446541
2018-02-21,172.4,1.16486486486486,1750.33333333333,11.8265765765766
2018-02-22,274.86,1.15004184100418,2574.63333333333,10.7725244072524
2018-02-23,309.5,1.12956204379562,2841.66666666667,10.3710462287105
2018-02-24,214.84,1.14887700534759,2270.68333333333,12.1426916221034
2018-02-25,141.79,1.09069230769231,1367.88333333333,10.5221794871795
2018-02-26,409.16,1.17913544668588,3900.55,11.2407780979827
2018-02-27,397.78,1.22393846153846,3572.18333333333,10.9913333333333
2018-02-28,280.68,1.15506172839506,2550.68333333333,10.4966392318244
2018-03-01,422.2,1.17277777777778,3921.51666666667,10.8931018518519
2018-03-02,373.59,1.12189189189189,3507.15,10.531981981982
2018-03-03,366.33,1.14836990595611,3972.53333333333,12.4530825496343
2018-03-04,248.77,1.10564444444444,2615.4,11.624
2018-03-05,495.1,1.24085213032581,4712.3,11.8102756892231
2018-03-06,576.07,1.14299603174603,5261.38333333333,10.4392526455026
2018-03-07,515.24,1.14497777777778,4513.7,10.0304444444444
2018-03-08,328.11,1.07577049180328,2957.61666666667,9.69710382513661
2018-03-09,498.4,1.21560975609756,4684.16666666667,11.4247967479675
2018-03-10,406.27,1.1010027100271,4497.6,12.1886178861789
2018-03-11,386.67,1.23143312101911,3938.11666666667,12.5417728237792
2018-03-12,670.68,1.31505882352941,6493.7,12.7327450980392
2018-03-13,368.79,1.14531055900621,3517.76666666667,10.9247412008282
2018-03-14,549.79,1.20832967032967,4947.81666666667,10.8743223443223
2018-03-15,537.17,1.22922196796339,4947.95,11.3225400457666
2018-03-16,500.39,1.1636976744186,4597.63333333333,10.6921705426357
2018-03-17,266.61,1.10169421487603,2649.31666666667,10.9475895316804
2018-03-18,306.92,1.10801444043321,3267.21666666667,11.7950060168472
2018-03-19,517.71,1.16078475336323,4883.81666666667,10.9502615844544
2018-03-20,655.95,1.27368932038835,6355.98333333333,12.341715210356
2018-03-21,520.79,1.248896882494,4937.8,11.8412470023981
2018-03-22,334.2,1.09573770491803,3065.76666666667,10.051693989071
2018-03-23,342.05,1.20865724381625,3005.13333333333,10.6188457008245
2018-03-24,215.67,1.06241379310345,2199.66666666667,10.8357963875205
2018-03-25,255.81,1.0839406779661,2734.83333333333,11.5882768361582
2018-03-26,352.16,1.20191126279863,3071.15,10.4817406143345
2018-03-27,441.94,1.13609254498715,4121.91666666667,10.5961868037704
2018-03-28,531.9,1.15379609544469,4885.31666666667,10.5972161966739
2018-03-29,546.33,1.24732876712329,5040.35,11.5076484018265
2018-03-30,521.28,1.15583148558758,5171.16666666667,11.4660014781966
2018-03-31,452.59,1.22321621621622,4955.53333333333,13.3933333333333
2018-04-01,156.44,1.01584415584416,1499.41666666667,9.73647186147186
2018-04-02,535.68,1.22862385321101,4914.23333333333,11.2711773700306
2018-04-03,532.99,1.18179600886918,4972,11.0243902439024
2018-04-04,586.16,1.27426086956522,5229.53333333333,11.3685507246377
2018-04-05,391.3,1.2228125,3776.81666666667,11.8025520833333
2018-04-06,566.59,1.19282105263158,5556.43333333333,11.6977543859649
2018-04-07,151.28,0.951446540880503,1979.95,12.4525157232704
2018-04-08,236.87,1.11206572769953,2673.4,12.5511737089202
2018-04-09,641.54,1.27037623762376,5955.63333333333,11.7933333333333
2018-04-10,511.72,1.19282051282051,4891.08333333333,11.4011266511267
2018-04-11,395.32,1.16958579881657,3564.36666666667,10.5454635108481
2018-04-12,422.61,1.19045070422535,3787.68333333333,10.6695305164319
2018-04-13,453.96,1.08863309352518,4393.76666666667,10.5366107114309
2018-04-14,299.33,1.10047794117647,3031.43333333333,11.1449754901961
2018-04-15,174.01,1.0875625,1668.61666666667,10.4288541666667
2018-04-16,362.3,1.15382165605096,3462.75,11.0278662420382
2018-04-17,552.49,1.19328293736501,5248.11666666667,11.3350251979842
2018-04-18,649.01,1.21083955223881,5847.68333333333,10.9098569651741
2018-04-19,743.57,1.26889078498294,6824.73333333333,11.6463026166098
2018-04-20,642.79,1.17727106227106,6239.13333333333,11.4269841269841
2018-04-21,428.9,1.14679144385027,4611.95,12.3314171122995
2018-04-22,513.24,1.18805555555556,5372.3,12.4358796296296
2018-04-23,651.86,1.20269372693727,6246.9,11.5256457564576
2018-04-24,696.8,1.23327433628319,6696.55,11.8523008849558
2018-04-25,818.82,1.26166409861325,7609.13333333333,11.7243965074474
2018-04-26,788.23,1.27545307443366,7264.68333333333,11.7551510248112
2018-04-27,471.55,1.16145320197044,4178.61666666667,10.2921592775041
2018-04-28,343.73,1.06089506172839,3596.63333333333,11.1007201646091
2018-04-29,243.34,1.15327014218009,2426.13333333333,11.4982622432859
2018-04-30,538.6,1.23532110091743,4680.85,10.7358944954128
2018-05-01,712.26,1.23871304347826,6586.78333333333,11.4552753623188
2018-05-02,889.2,1.30381231671554,8311.48333333333,12.1869257086999
2018-05-03,926.29,1.31016973125884,8783.41666666667,12.4235030645922
2018-05-04,789.17,1.28949346405229,7488.78333333333,12.2365740740741
2018-05-05,490.64,1.14368298368298,5157.98333333333,12.0232711732712
2018-05-06,425.06,1.09269922879177,4530.55,11.6466580976864
2018-05-07,847.13,1.29530581039755,7535.8,11.522629969419
2018-05-08,915.14,1.30176386913229,8137.15,11.574893314367
2018-05-09,801.06,1.2064156626506,7512.8,11.3144578313253
2018-05-10,725.72,1.20351575456053,6667.15,11.0566334991708
2018-05-11,888.46,1.3221130952381,8205.7,12.2108630952381
2018-05-12,658.3,1.21907407407407,7216.05,13.3630555555556
2018-05-13,521.73,1.10536016949153,5531.88333333333,11.7200918079096
2018-05-14,852.36,1.28561085972851,8111.3,12.2342383107089
2018-05-15,832.29,1.2097238372093,7539.51666666667,10.9585998062016
2018-05-16,803.87,1.16502898550725,7471.48333333333,10.8282367149758
2018-05-17,825.54,1.15138075313808,7441.73333333333,10.3789865178987
2018-05-18,829.51,1.2004486251809,8156.1,11.8033285094067
2018-05-19,522.87,1.20476958525346,5165.63333333333,11.902380952381
2018-05-20,444.16,1.09669135802469,5092.96666666667,12.5752263374486
2018-05-21,813.76,1.12709141274238,7867.35,10.8966066481994
2018-05-22,847.06,1.22584659913169,8319.45,12.0397250361794
2018-05-23,918.66,1.20243455497382,8516.45,11.1471858638743
2018-05-24,853.87,1.18428571428571,7671.41666666667,10.6399676375405
2018-05-25,809.22,1.17962099125364,7788.45,11.3534256559767
2018-05-26,507.74,1.20317535545024,5656.63333333333,13.4043443917852
2018-05-27,494.57,1.10642058165548,5491.85,12.2860178970917
2018-05-28,432.67,1.04509661835749,4911.85,11.8643719806763
2018-05-29,756.43,1.17275968992248,7228.6,11.2071317829457
2018-05-30,826.58,1.16748587570621,7413.78333333333,10.471445386064
2018-05-31,773.19,1.16444277108434,6997.01666666667,10.5376757028112
2018-06-01,719.14,1.1731484502447,7028.23333333333,11.4653072321914
2018-06-02,634.9,1.19566854990584,6705.63333333333,12.6283113622097
2018-06-03,433.01,1.17346883468835,4739.05,12.8429539295393
2018-06-04,705.41,1.20582905982906,6468.71666666667,11.0576353276353
2018-06-05,788.61,1.22836448598131,7438.98333333333,11.5872014537902
2018-06-06,842.8,1.28671755725191,8134.58333333333,12.4192111959288
2018-06-07,768.25,1.25122149837134,7470.73333333333,12.1673181324647
2018-06-08,516.48,1.14013245033113,4982.26666666667,10.9983811626196
2018-06-09,333.7,1.07993527508091,3530.55,11.4257281553398
2018-06-10,196.32,0.926037735849057,2244.65,10.5879716981132
2018-06-11,635.92,1.16255941499086,6157.86666666667,11.2575258988422
2018-06-12,672.7,1.16183074265976,6508.31666666667,11.2406160046056
2018-06-13,614.34,1.20458823529412,5690.08333333333,11.1570261437908
2018-06-14,697.79,1.14768092105263,6567.08333333333,10.8011239035088
2018-06-15,653.49,1.20570110701107,6219.05,11.4742619926199
2018-06-16,420.65,1.13077956989247,4355.75,11.7090053763441
2018-06-17,422.41,1.19662889518414,4461.15,12.6378186968839
2018-06-18,627.44,1.18833333333333,5854.36666666667,11.0878156565657
2018-06-19,722.48,1.19615894039735,7224.13333333333,11.9604856512141
2018-06-20,630.37,1.18490601503759,6153.2,11.5661654135338
2018-06-21,594.96,1.11415730337079,6066.1,11.3597378277154
2018-06-22,577.91,1.14211462450593,5991.21666666667,11.84034914361
2018-06-23,393.69,1.11526912181303,4411.36666666667,12.4967894239849
2018-06-24,334.61,1.07938709677419,3711.06666666667,11.9711827956989
2018-06-25,585.47,1.13243713733075,5619.53333333333,10.8695035460993
2018-06-26,623.66,1.12169064748201,6190.58333333333,11.1341426858513
2018-06-27,608.51,1.11448717948718,5872.63333333333,10.7557387057387
2018-06-28,598.19,1.17753937007874,6021.61666666667,11.8535761154856
2018-06-29,647.73,1.16498201438849,6399.1,11.5091726618705
2018-06-30,307.34,1.06715277777778,3826.26666666667,13.2856481481481
2018-07-01,323.68,1.14374558303887,3643.21666666667,12.8735571260306
2018-07-02,471.19,1.13266826923077,4376.68333333333,10.5208733974359
2018-07-03,499.12,1.09216630196937,5021.41666666667,10.9877826404085
2018-07-04,399.28,1.15398843930636,4335.96666666667,12.5316955684008
2018-07-05,496.48,1.12580498866213,5235.7,11.872335600907
2018-07-06,566.42,1.19246315789474,5778.13333333333,12.1644912280702
2018-07-07,487.73,1.15030660377358,5122.1,12.0804245283019
2018-07-08,346.45,1.04667673716012,3890.61666666667,11.7541289023162
2018-07-09,516.18,1.17849315068493,5095.76666666667,11.6341704718417
2018-07-10,617.19,1.13245871559633,6169.65,11.3204587155963
2018-07-11,601.45,1.17013618677043,6025.31666666667,11.7224059662776
2018-07-12,621.99,1.14126605504587,6024.75,11.0545871559633
2018-07-13,548.17,1.12100204498978,5564.35,11.3790388548057
2018-07-14,549.63,1.24350678733032,6097,13.7941176470588
2018-07-15,468.47,1.186,4972.38333333333,12.5883122362869
2018-07-16,534.03,1.04711764705882,5710.06666666667,11.1962091503268
2018-07-17,713.4,1.13238095238095,7456.5,11.8357142857143
2018-07-18,723.72,1.23291311754685,7806.25,13.2985519591141
2018-07-19,756.97,1.14173453996983,7846.66666666667,11.8350930115636
2018-07-20,647.74,1.18200729927007,6844.86666666667,12.4906326034063
2018-07-21,565.02,1.20989293361884,6395.83333333333,13.6955745895789
2018-07-22,536.13,1.21022573363431,6764.13333333333,15.2689240030098
2018-07-23,581.11,1.13498046875,6294.95,12.29482421875
2018-07-24,545.75,1.07431102362205,5595.33333333333,11.0144356955381
2018-07-25,541.7,1.13802521008403,5968.98333333333,12.539880952381
2018-07-26,546.88,1.11154471544715,6141.9,12.4835365853659
2018-07-27,511.3,1.10193965517241,5847.51666666667,12.6024066091954
2018-07-28,422.3,1.18623595505618,5140.61666666667,14.4399344569288
2018-07-29,344.36,1.02183976261128,3972.5,11.7878338278932
2018-07-30,577.4,1.08330206378987,6105.26666666667,11.4545340838024
2018-07-31,617.22,1.08474516695958,7024.35,12.345079086116
2018-08-01,662.78,1.16481546572935,6927.5,12.1748681898067
2018-08-02,633.22,1.11679012345679,6723.76666666667,11.8584950029394
2018-08-03,492.38,1.15311475409836,5868.15,13.7427400468384
2018-08-04,292.96,1.04256227758007,3850.23333333333,13.7018979833926
2018-08-05,333.72,1.05274447949527,4267.38333333333,13.4617770767613
2018-08-06,568.6,1.15569105691057,6366.41666666667,12.9398712737127
2018-08-07,568.43,1.10805068226121,5926.26666666667,11.5521767381417
2018-08-08,562,1.16115702479339,5673.68333333333,11.7224862258953
2018-08-09,585.58,1.10905303030303,6369.36666666667,12.0631944444444
2018-08-10,607.5,1.1865234375,6491.4,12.678515625
2018-08-11,339.03,1.05288819875776,4026.86666666667,12.5057971014493
2018-08-12,415.97,1.19189111747851,5109.18333333333,14.6394937917861
2018-08-13,453.82,1.12610421836228,4883.33333333333,12.1174524400331
2018-08-14,448.97,1.04655011655012,4899.21666666667,11.4200854700855
2018-08-15,584.28,1.18275303643725,6266.73333333333,12.6856950067476
2018-08-16,529.19,1.06691532258065,5869.16666666667,11.832997311828
2018-08-17,560.28,1.2075,6421.55,13.8395474137931
2018-08-18,467.21,1.26615176151762,5610.61666666667,15.2049232158988
2018-08-19,309.72,1.05706484641638,3897.03333333333,13.3004550625711
2018-08-20,423.41,0.998608490566038,4906.15,11.571108490566
2018-08-21,457.08,1.05561200923788,5275,12.1824480369515
2018-08-22,483.66,1.03789699570815,4956.65,10.6365879828326
2018-08-23,491.26,1.05875,5221.66666666667,11.253591954023
2018-08-24,431.98,0.986255707762557,4515.91666666667,10.3103120243531
2018-08-25,352.6,1.075,4346.4,13.2512195121951
2018-08-26,320.8,0.91919770773639,3842.06666666667,11.0087870105062
2018-08-27,477.33,1.05370860927152,5144.85,11.3572847682119
2018-08-28,538.72,1.1246764091858,5494.56666666667,11.4709116214335
2018-08-29,581.55,1.11621880998081,6218.33333333333,11.935380678183
2018-08-30,500.45,1.03398760330579,5759.15,11.8990702479339
2018-08-31,486.48,1.05071274298056,5856.98333333333,12.6500719942405
2018-09-01,337.73,0.981773255813953,4579.48333333333,13.3124515503876
2018-09-02,363.18,1.18686274509804,4743.81666666667,15.5026688453159
2018-09-03,327.29,1.03246056782334,4007.68333333333,12.6425341745531
2018-09-04,398.1,1.22116564417178,4332.63333333333,13.2902862985685
2018-09-05,555.03,1.19876889848812,5955.08333333333,12.8619510439165
2018-09-06,498.7,1.1464367816092,5151.15,11.841724137931
2018-09-07,458.47,1.076220657277,5289.86666666667,12.4175273865415
2018-09-08,346.78,1.02902077151335,4321.08333333333,12.8222057368942
2018-09-09,370.78,1.12357575757576,4698.25,14.2371212121212
2018-09-10,456.76,1.26176795580111,4773.81666666667,13.1873388581952
2018-09-11,407.92,1.19624633431085,4054.68333333333,11.8905669599218
2018-09-12,360.29,1.08521084337349,3873.08333333333,11.6659136546185
2018-09-13,535.08,1.18643015521064,5669.81666666667,12.5716555801922
2018-09-14,513,1.14765100671141,5417.38333333333,12.1194258016406
2018-09-15,353.53,1.15911475409836,4024.21666666667,13.1941530054645
2018-09-16,272.35,1.09377510040161,3104.1,12.466265060241
2018-09-17,438.61,1.09106965174129,4649.65,11.5662935323383
2018-09-18,468.02,1.14992628992629,5025.7,12.3481572481572
2018-09-19,472.85,1.06738148984199,4999.23333333333,11.2849510910459
2018-09-20,545.58,1.17835853131749,5581.08333333333,12.0541756659467
2018-09-21,491.32,1.07041394335512,5747.31666666667,12.5213870733479
2018-09-22,312.46,1.06641638225256,3256.73333333333,11.1151308304892
2018-09-23,366.17,1.04919770773639,4515.15,12.9373925501433
2018-09-24,514.73,1.08136554621849,5637.55,11.8435924369748
2018-09-25,523.12,1.14719298245614,5567.71666666667,12.2099049707602
2018-09-26,575.63,1.17475510204082,5923.68333333333,12.0891496598639
2018-09-27,530.84,1.16668131868132,5514.28333333333,12.119304029304
2018-09-28,548.43,1.06906432748538,6346.13333333333,12.3706302794022
2018-09-29,325.42,1.05313915857605,3927.4,12.7100323624595
2018-09-30,239.58,0.910950570342205,3108.75,11.8203422053232
2018-10-01,527.44,1.12460554371002,5572.88333333333,11.8824804548685
2018-10-02,555.16,1.10589641434263,5921.01666666667,11.7948539176627
2018-10-03,590.26,1.1307662835249,6414.95,12.2891762452107
2018-10-04,549.73,1.08642292490119,5563.6,10.995256916996
2018-10-05,273.71,1.08185770750988,2562.45,10.1282608695652
2018-10-06,299.49,1.01867346938776,3506.86666666667,11.9281179138322
2018-10-07,174,1.05454545454545,1943.75,11.780303030303
2018-10-08,316.26,1.13354838709677,3200.73333333333,11.4721624850657
2018-10-09,517.51,1.1057905982906,5325.8,11.3799145299145
2018-10-10,532.72,1.12151578947368,5446.63333333333,11.4665964912281
2018-10-11,537.41,1.19957589285714,5633.8,12.5754464285714
2018-10-12,559.39,1.19272921108742,5976.81666666667,12.7437455579247
2018-10-13,380.03,1.14123123123123,4272.58333333333,12.8305805805806
2018-10-14,328.13,1.01588235294118,3821.33333333333,11.8307533539732
2018-10-15,508.62,1.0753065539112,5289.25,11.1823467230444
2018-10-16,502.03,1.11562222222222,5230.78333333333,11.623962962963
2018-10-17,545.34,1.11979466119097,5561.63333333333,11.4201916495551
2018-10-18,559.38,1.17764210526316,5715.58333333333,12.0328070175439
2018-10-19,522.34,1.18444444444444,5208.85,11.8114512471655
2018-10-20,412.15,1.22299703264095,4979.76666666667,14.7767556874382
2018-10-21,300.32,1.16856031128405,3376.13333333333,13.1367055771725
2018-10-22,466.89,1.10115566037736,5049.76666666667,11.9098270440252
2018-10-23,448.21,1.09586797066015,4513.75,11.0360635696822
2018-10-24,494.17,1.16275294117647,4904.01666666667,11.538862745098
2018-10-25,308.34,1.08189473684211,3144.4,11.0329824561403
2018-10-26,322.42,1.07116279069767,3592.45,11.935049833887
2018-10-27,218.51,1.01632558139535,2647.25,12.3127906976744
2018-10-28,179.68,1.07592814371257,2178.2,13.0431137724551
2018-10-29,339.26,1.0470987654321,3777.43333333333,11.6587448559671
2018-10-30,445.14,1.12979695431472,4389.28333333333,11.1403130287648
2018-10-31,315.74,1.04549668874172,3140.11666666667,10.3977373068433
2018-11-01,511.36,1.16218181818182,5149.48333333333,11.7033712121212
2018-11-02,438.2,1.1501312335958,4611.21666666667,12.1029308836395
2018-11-03,264.24,1.0321875,3317.76666666667,12.9600260416667
2018-11-04,280.09,1.04902621722846,3212.9,12.0333333333333
2018-11-05,379.38,1.06268907563025,3797.26666666667,10.6366013071895
2018-11-06,416.41,1.09581578947368,4247.36666666667,11.1772807017544
2018-11-07,407.91,1.07627968337731,4330.85,11.4270448548813
2018-11-08,448.43,1.16173575129534,4354.83333333333,11.2819516407599
2018-11-09,366.97,1.1761858974359,4095.11666666667,13.1253739316239
2018-11-10,271.86,1.15194915254237,3088.58333333333,13.0872175141243
2018-11-11,245.15,0.9806,2866.75,11.467
2018-11-12,320.57,1.16148550724638,3244.93333333333,11.7570048309179
2018-11-13,377.24,1.11280235988201,3659.85,10.796017699115
2018-11-14,433.01,1.14250659630607,4154.06666666667,10.9605980650836
2018-11-15,489.97,1.21279702970297,4486.78333333333,11.105899339934
2018-11-16,403.25,1.13591549295775,3723.18333333333,10.4878403755869
2018-11-17,313.62,1.13220216606498,3692.26666666667,13.3294825511432
2018-11-18,228.89,1.16187817258883,2597.95,13.1875634517767
2018-11-19,385.23,1.19266253869969,3595.16666666667,11.1305469556244
2018-11-20,425.87,1.0808883248731,4337.16666666667,11.0080372250423
2018-11-21,275.56,1.02059259259259,2839.66666666667,10.5172839506173
2018-11-22,69.24,0.948493150684931,850.833333333333,11.6552511415525
2018-11-23,112.32,0.976695652173913,1300.28333333333,11.3068115942029
2018-11-24,194.44,1.17842424242424,2272.81666666667,13.7746464646465
2018-11-25,215.48,1.00223255813953,2358.31666666667,10.9689147286822
2018-11-26,247.26,1.09407079646018,2444.93333333333,10.8182890855457
2018-11-27,309.37,1.10096085409253,2884.4,10.264768683274
2018-11-28,318.67,1.18025925925926,2928.81666666667,10.8474691358025
2018-11-29,445,1.18983957219251,4451.56666666667,11.9025846702317
2018-11-30,271.66,1.18113043478261,2636.38333333333,11.4625362318841
2018-12-01,225.88,0.957118644067797,2848.66666666667,12.0706214689266
2018-12-02,194.85,0.969402985074627,2433.66666666667,12.1077943615257
2018-12-03,360.5,1.06342182890855,3528.6,10.4088495575221
2018-12-04,390.55,1.17635542168675,4022.06666666667,12.1146586345382
2018-12-05,360.92,1.11739938080495,3862.4,11.9578947368421
2018-12-06,308.44,1.14661710037175,3119.1,11.5951672862454
2018-12-07,293.94,1.11340909090909,2921.66666666667,11.0669191919192
2018-12-08,169.38,0.990526315789474,1713.66666666667,10.0214424951267
2018-12-09,76.93,0.97379746835443,958.133333333333,12.1282700421941
2018-12-10,259.06,1.17221719457014,2769.9,12.5334841628959
2018-12-11,221.32,1.2793063583815,2008.98333333333,11.6126204238921
2018-12-12,319.68,1.21551330798479,3105.15,11.8066539923954
2018-12-13,365.53,1.16410828025478,3701.45,11.7880573248408
2018-12-14,321.69,1.16554347826087,3276.63333333333,11.8718599033816
2018-12-15,207.47,0.992679425837321,2499.88333333333,11.9611642743222
2018-12-16,119.8,0.9584,1423.4,11.3872
2018-12-17,281.74,1.21439655172414,2911.36666666667,12.5489942528736
2018-12-18,232.88,1.10895238095238,2655.51666666667,12.6453174603175
2018-12-19,373.91,1.16121118012422,3896.18333333333,12.0999482401656
2018-12-20,294.75,1.15588235294118,3130.66666666667,12.2771241830065
2018-12-21,283.97,1.14504032258065,2688.98333333333,10.8426747311828
2018-12-22,176.7,0.976243093922652,2050.96666666667,11.3313075506446
2018-12-23,141.34,1.02420289855072,1659.06666666667,12.0222222222222
2018-12-24,147.08,0.855116279069767,1995.18333333333,11.5999031007752
2018-12-25,105.18,0.964954128440367,1683.93333333333,15.4489296636086
2018-12-26,148.2,1.1578125,1631.7,12.74765625
2018-12-27,243.21,1.08575892857143,2695.86666666667,12.0351190476191
2018-12-28,157.88,1.09638888888889,1721.31666666667,11.953587962963
2018-12-29,152.46,1.00966887417219,1777.46666666667,11.7713024282561
2018-12-30,148.31,1.11511278195489,1922.55,14.4552631578947
2018-12-31,220.35,1.21740331491713,2623.03333333333,14.4918968692449
2019-01-01,170.52,1.06575,2107.18333333333,13.1698958333333
2019-01-02,269.83,1.25502325581395,2884.1,13.4144186046512
2019-01-03,235.2,1.07397260273973,2783.18333333333,12.708599695586
2019-01-04,291.91,1.07319852941176,3481.21666666667,12.7985906862745
2019-01-05,177,1.07926829268293,2187.81666666667,13.3403455284553
2019-01-06,97.03,0.836465517241379,1239.06666666667,10.6816091954023
2019-01-07,359.73,1.10346625766871,4010.1,12.3009202453988
2019-01-08,232.2,1.0095652173913,2647.98333333333,11.5129710144928
2019-01-09,241.61,1.10830275229358,2414.86666666667,11.077370030581
2019-01-10,314.3,1.09895104895105,3170.2,11.0846153846154
2019-01-11,308.36,1.13785977859779,2963.06666666667,10.9338253382534
2019-01-12,219.11,1.11790816326531,2652.81666666667,13.5347789115646
2019-01-13,195.54,1.16392857142857,2408.76666666667,14.3378968253968
2019-01-14,289.55,1.13996062992126,2859.9,11.2594488188976
2019-01-15,267.94,1.05488188976378,2731.16666666667,10.752624671916
2019-01-16,290.15,1.19896694214876,3062.73333333333,12.6559228650138
2019-01-17,277.58,1.13297959183673,2733.1,11.1555102040816
2019-01-18,217.88,1.25218390804598,2019.43333333333,11.605938697318
2019-01-19,199.89,1.15543352601156,2321.38333333333,13.4184007707129
2019-01-20,131.13,0.971333333333333,1799.98333333333,13.3332098765432
2019-01-21,237.56,1.13665071770335,2813.06666666667,13.459649122807
2019-01-22,227.89,1.10091787439614,2470.35,11.9340579710145
2019-01-23,343.12,1.22982078853047,3503.25,12.5564516129032
2019-01-24,386.39,1.17087878787879,4154.33333333333,12.5888888888889
2019-01-25,338.47,1.18761403508772,3576.68333333333,12.5497660818713
2019-01-26,205.56,0.983540669856459,2533.15,12.1203349282297
2019-01-27,160.98,1.04532467532468,2074.85,13.4730519480519
2019-01-28,353.83,1.24150877192982,3260.08333333333,11.4388888888889
2019-01-29,349.93,1.17426174496644,3346.03333333333,11.2282997762864
2019-01-30,384.31,1.19722741433022,3976.06666666667,12.3865005192108
2019-01-31,372.42,1.14239263803681,3732.11666666667,11.4482106339468
2019-02-01,240.55,1.17916666666667,2405.05,11.7894607843137
2019-02-02,181.6,0.965957446808511,1977.28333333333,10.5174645390071
2019-02-03,188.82,1.15134146341463,2296.71666666667,14.0043699186992
2019-02-04,243.27,1.09089686098655,2542.31666666667,11.4005231689088
2019-02-05,206.44,1.17295454545455,2315.61666666667,13.1569128787879
2019-02-06,313.22,1.13898181818182,2905.61666666667,10.5658787878788
2019-02-07,314.93,1.21126923076923,3099.8,11.9223076923077
2019-02-08,272.32,1.08928,2744.56666666667,10.9782666666667
2019-02-09,120.97,1.17446601941748,1510.58333333333,14.665857605178
2019-02-10,134.34,0.8956,1665.56666666667,11.1037777777778
2019-02-11,135.99,1.1723275862069,1426.81666666667,12.3001436781609
2019-02-12,165.73,1.1197972972973,1868.66666666667,12.6261261261261
2019-02-13,305.55,1.2222,2887.56666666667,11.5502666666667
2019-02-14,217.84,1.17751351351351,2010.33333333333,10.8666666666667
2019-02-15,223.41,1.10054187192118,2411.21666666667,11.8779146141215
2019-02-16,138.34,1.12471544715447,1373.18333333333,11.1640921409214
2019-02-17,173.86,1.09345911949686,1996.65,12.5575471698113
2019-02-18,246.77,1.13718894009217,2524.26666666667,11.6325652841782
2019-02-19,296.51,1.2510970464135,2966.53333333333,12.5170182841069
2019-02-20,282.22,1.14259109311741,2639.18333333333,10.6849527665317
2019-02-21,303,1.1390977443609,2843.56666666667,10.6901002506266
2019-02-22,239.86,1.10534562211982,2624.11666666667,12.0927035330261
2019-02-23,138.7,0.894838709677419,1742,11.2387096774194
2019-02-24,172.07,0.972146892655367,2160.13333333333,12.204143126177
2019-02-25,226.2,1.14242424242424,2482.81666666667,12.5394781144781
2019-02-26,312.71,1.2215234375,3188.46666666667,12.4549479166667
2019-02-27,220.3,1.11827411167513,2263.65,11.4906091370558
2019-02-28,263.35,1.06619433198381,2673.66666666667,10.8245614035088
2019-03-01,363.88,1.18915032679739,3969.88333333333,12.9734749455338
2019-03-02,216.21,1.11448453608247,2400.91666666667,12.3758591065292
2019-03-03,156.32,0.941686746987952,2004.28333333333,12.0739959839357
2019-03-04,246.29,1.01772727272727,2601.6,10.7504132231405
2019-03-05,305.44,1.13970149253731,3307.9,12.3429104477612
2019-03-06,201.27,1.16341040462428,2025.7,11.7092485549133
2019-03-07,301.43,1.11640740740741,3093.75,11.4583333333333
2019-03-08,234.43,1.19,2362.2,11.9908629441624
2019-03-09,244.32,1.07157894736842,2934.48333333333,12.8705409356725
2019-03-10,193.06,1.01610526315789,2210.51666666667,11.634298245614
2019-03-11,385.31,1.11040345821326,4106,11.8328530259366
2019-03-12,293.96,1.16650793650794,2956.75,11.7331349206349
2019-03-13,360.2,1.13270440251572,3701.11666666667,11.6387316561845
2019-03-14,401.13,1.03919689119171,4560.01666666667,11.8135146804836
2019-03-15,434.54,1.16498659517426,4893.63333333333,13.1196604110813
2019-03-16,276.12,1.04590909090909,3374.46666666667,12.7820707070707
2019-03-17,283.14,1.13256,3363.81666666667,13.4552666666667
2019-03-18,439.45,1.18131720430108,4912.58333333333,13.2058691756272
2019-03-19,479.44,1.17509803921569,5129.16666666667,12.5714869281046
2019-03-20,452.77,1.25074585635359,4879.75,13.4799723756906
2019-03-21,422.6,1.15149863760218,4597.65,12.5276566757493
2019-03-22,315.44,1.06928813559322,3751.63333333333,12.7174011299435
2019-03-23,275.34,1.14725,3240.13333333333,13.5005555555556
2019-03-24,375.02,1.22555555555556,4417.05,14.4348039215686
2019-03-25,233.07,1.17712121212121,2531.78333333333,12.7867845117845
2019-03-26,403.99,1.18820588235294,4353.06666666667,12.803137254902
2019-03-27,248.12,1.20446601941748,2477.08333333333,12.0246763754045
2019-03-28,322.93,1.11740484429066,3729.98333333333,12.9065167243368
2019-03-29,448.09,1.21105405405405,4788.3,12.9413513513514
2019-03-30,354.88,1.21119453924915,4375.83333333333,14.9345847554039
2019-03-31,309.93,1.19203846153846,3762.33333333333,14.4705128205128
2019-04-01,463.16,1.18455242966752,5256,13.4424552429668
2019-04-02,311.13,1.04406040268456,3488.11666666667,11.7050894854586
2019-04-03,523.19,1.24866348448687,5957.68333333333,14.218814638027
2019-04-04,430.65,1.13928571428571,4580.46666666667,12.1176366843034
2019-04-05,326.11,1.05537216828479,3872.71666666667,12.5330636461704
2019-04-06,265.97,1.05126482213439,3453.65,13.650790513834
2019-04-07,143.27,0.968040540540541,1746.88333333333,11.8032657657658
2019-04-08,295.48,1.11082706766917,3481.38333333333,13.0879072681704
2019-04-09,378.5,1.14006024096386,4032.66666666667,12.1465863453815
2019-04-10,324.28,1.02296529968454,3776.51666666667,11.913301787592
2019-04-11,295.97,1.06464028776978,3473.56666666667,12.4948441247002
2019-04-12,352.01,1.12463258785942,4231.28333333333,13.5184771033014
2019-04-13,206.41,1.08636842105263,2674.41666666667,14.0758771929825
2019-04-14,201.52,0.973526570048309,2656.96666666667,12.8355877616747
2019-04-15,270.8,1.02575757575758,3007.15,11.3907196969697
2019-04-16,404.95,1.15042613636364,4525.33333333333,12.8560606060606
2019-04-17,457.2,1.17835051546392,4804.33333333333,12.3823024054983
2019-04-18,520.64,1.18596810933941,5588.58333333333,12.7302581624905
2019-04-19,404.32,1.1585100286533,4607.51666666667,13.2020534861509
2019-04-20,357.75,1.21271186440678,4148.51666666667,14.0627683615819
2019-04-21,306.47,1.05679310344828,4223.91666666667,14.5652298850575
2019-04-22,419.47,1.17828651685393,4564.8,12.8224719101124
2019-04-23,503.54,1.0668220338983,6043.38333333333,12.8037782485876
2019-04-24,547.07,1.13972916666667,6432.26666666667,13.4005555555556
2019-04-25,544.73,1.22136771300448,6152.65,13.7951793721973
2019-04-26,477.2,1.19899497487437,5673.53333333333,14.2551088777219
2019-04-27,332.91,1.10235099337748,4464.78333333333,14.7840507726269
2019-04-28,349.67,1.13529220779221,4583.71666666667,14.882196969697
2019-04-29,487.05,1.19668304668305,5453.05,13.3981572481572
2019-04-30,528.13,1.15061002178649,6202.03333333333,13.5120551924473
2019-05-01,496.71,1.12632653061224,5923.56666666667,13.4321239606954
2019-05-02,513.13,1.1428285077951,6146.68333333333,13.689717891611
2019-05-03,530.54,1.09389690721649,6603.48333333333,13.6154295532646
2019-05-04,386.12,1.14916666666667,5247.63333333333,15.6179563492063
2019-05-05,341.87,1.1028064516129,4278.66666666667,13.8021505376344
2019-05-06,525.27,1.0741717791411,6056.68333333333,12.3858554873892
2019-05-07,589.58,1.14259689922481,6880.3,13.3339147286822
2019-05-08,605.39,1.17096711798839,7041.18333333333,13.6193101225016
2019-05-09,609.22,1.12195211786372,7301.7,13.4469613259669
2019-05-10,599.6,1.10018348623853,7491.81666666667,13.7464525993884
2019-05-11,436.03,1.05067469879518,6123.86666666667,14.7563052208835
2019-05-12,351.83,1.0471130952381,5310.55,15.8052083333333
2019-05-13,487.86,1.06752735229759,6134.48333333333,13.4233770970095
2019-05-14,341.75,0.999269005847953,4776.26666666667,13.9656920077973
2019-05-15,404.46,1.03707692307692,5061.01666666667,12.9769658119658
2019-05-16,415.17,1.03533665835411,5190.63333333333,12.9442227763924
2019-05-17,541.33,1.16917926565875,6981.9,15.0796976241901
2019-05-18,354.51,1.0042776203966,5443.65,15.421104815864
2019-05-19,294.59,0.969046052631579,4813.71666666667,15.8345942982456
2019-05-20,498.45,1.05158227848101,6398.56666666667,13.4990857946554
2019-05-21,487.44,1.01338877338877,6272.95,13.0414760914761
2019-05-22,520.5,1.09578947368421,6719.53333333333,14.1463859649123
2019-05-23,540.38,1.12814196242171,6372.95,13.3046972860125
2019-05-24,390.22,1.02151832460733,5238.75,13.7140052356021
2019-05-25,239.95,1.07600896860987,3514.65,15.7607623318386
2019-05-26,456.84,1.09553956834532,6520.35,15.6363309352518
2019-05-27,350.02,1.05111111111111,5209.06666666667,15.6428428428428
2019-05-28,474.45,1.09068965517241,5733.63333333333,13.1807662835249
2019-05-29,537.8,1.08866396761134,6787.55,13.739979757085
2019-05-30,608.89,1.18231067961165,7592.3,14.7423300970874
2019-05-31,550.27,1.09180555555556,7019.93333333333,13.9284391534392
2019-06-01,512.76,1.20649411764706,6795.95,15.9904705882353
2019-06-02,416.24,1.17915014164306,6137.11666666667,17.3855996222852
2019-06-03,416.64,1.02117647058824,5430.23333333333,13.3093954248366
2019-06-04,480.59,1.08240990990991,5751.35,12.953490990991
2019-06-05,457.54,1.08938095238095,5365.2,12.7742857142857
2019-06-06,479.47,1.16943902439024,5387.93333333333,13.1413008130081
2019-06-07,320.51,1.02073248407643,3695.66666666667,11.7696390658174
2019-06-08,375.84,1.26120805369128,5012.95,16.8219798657718
2019-06-09,331.79,1.08428104575163,4525.15,14.7880718954248
2019-06-10,502.23,1.17618266978923,5722.9,13.4025761124122
2019-06-11,529.68,1.14401727861771,6118.11666666667,13.2140748740101
2019-06-12,390.15,1.1441348973607,4450.9,13.0524926686217
2019-06-13,500.1,1.14439359267735,5723.03333333333,13.0961861174676
2019-06-14,442.82,1.15018181818182,5279.23333333333,13.7122943722944
2019-06-15,393.99,1.09138504155125,5013.51666666667,13.8878578024007
2019-06-16,366.48,1.01237569060773,5087.2,14.0530386740332
2019-06-17,452.48,1.18761154855643,5377.06666666667,14.1130358705162
2019-06-18,440.13,1.17997319034853,4936.71666666667,13.2351653261841
2019-06-19,413.31,1.0934126984127,4468.3,11.8208994708995
2019-06-20,441.18,1.22891364902507,4746.53333333333,13.2215413184773
2019-06-21,410.37,1.05765463917526,4648.25,11.9800257731959
2019-06-22,370.35,1.22227722772277,4130.31666666667,13.6314081408141
2019-06-23,239.45,1.03211206896552,2887.53333333333,12.4462643678161
2019-06-24,461.7,1.16886075949367,5178.23333333333,13.1094514767932
2019-06-25,413.98,1.17607954545455,4397.26666666667,12.4922348484849
2019-06-26,425.41,1.1195,4687.9,12.3365789473684
2019-06-27,320.06,1.06332225913621,3427.23333333333,11.3861572535991
2019-06-28,479.03,1.17987684729064,5969.11666666667,14.7022577996716
2019-06-29,409.19,1.14298882681564,5502.53333333333,15.3702048417132
2019-06-30,361.37,1.14357594936709,4419.88333333333,13.9869725738397
2019-07-01,421.01,1.09069948186528,4797.81666666667,12.4295768566494
2019-07-02,383.82,1.10293103448276,4416.01666666667,12.6897030651341
2019-07-03,424.78,1.09479381443299,4811.8,12.4015463917526
2019-07-04,356.22,1.11667711598746,4717.43333333333,14.7881922675026
2019-07-05,321.46,1.06797342192691,3818.88333333333,12.6873200442968
2019-07-06,273.46,1.01281481481481,3490.23333333333,12.9267901234568
2019-07-07,312.07,1.09883802816901,3768.05,13.2677816901408
2019-07-08,443.68,1.13473145780051,5258.48333333333,13.4488064791134
2019-07-09,344.84,1.165,3727.5,12.5929054054054
2019-07-10,440.98,1.13362467866324,4507.6,11.5876606683805
2019-07-11,559.45,1.25719101123596,5914.95,13.2920224719101
2019-07-12,513.96,1.26903703703704,5159.98333333333,12.7406995884774
2019-07-13,316.08,1.12483985765125,3721.15,13.2425266903915
2019-07-14,349.39,1.05555891238671,4361.78333333333,13.1775931520644
2019-07-15,439.32,1.08206896551724,4947.13333333333,12.1850574712644
2019-07-16,419.17,1.16436111111111,4534,12.5944444444444
2019-07-17,422.19,1.08532133676093,4790.7,12.3154241645244
2019-07-18,544.29,1.15315677966102,6093.33333333333,12.909604519774
2019-07-19,517.53,1.23221428571429,5570.95,13.2641666666667
2019-07-20,362.38,1.10481707317073,4677.86666666667,14.2617886178862
2019-07-21,307.3,1.10938628158845,4145.53333333333,14.9658243080626
2019-07-22,462.39,1.12778048780488,5372.25,13.1030487804878
2019-07-23,435.41,1.07508641975309,4655.55,11.4951851851852
2019-07-24,531.29,1.15749455337691,6015.31666666667,13.1052650689906
2019-07-25,490.79,1.14670560747664,5605.88333333333,13.0978582554517
2019-07-26,424.83,1.02864406779661,4806.78333333333,11.6387005649718
2019-07-27,316.62,1.14717391304348,3950.41666666667,14.3131038647343
2019-07-28,311.58,1.081875,3973.35,13.7963541666667
2019-07-29,393.27,1.07450819672131,4304.25,11.7602459016393
2019-07-30,445.46,1.11087281795511,4983.46666666667,12.4275976724855
2019-07-31,478.22,1.15512077294686,5181.81666666667,12.5164653784219
2019-08-01,496.27,1.08355895196507,5705.21666666667,12.4568049490539
2019-08-02,437.22,1.08761194029851,4981.45,12.3916666666667
2019-08-03,316.58,1.07680272108844,3595.88333333333,12.23089569161
2019-08-04,301.73,0.973322580645161,3872.2,12.4909677419355
2019-08-05,410.76,1.05865979381443,4332.15,11.1653350515464
2019-08-06,471.42,1.11183962264151,5041.83333333333,11.8911163522013
2019-08-07,405.41,1.05575520833333,4316.58333333333,11.2411024305556
2019-08-08,394.83,1.07877049180328,4433.66666666667,12.1138433515483
2019-08-09,452.93,1.12950124688279,5243.18333333333,13.0752701579385
2019-08-10,285.62,1.00217543859649,3671.23333333333,12.8815204678363
2019-08-11,321.4,1.14377224199288,3737.73333333333,13.3015421115065
2019-08-12,451.86,1.05822014051522,5174.53333333333,12.1183450429352
2019-08-13,447.03,1.07201438848921,5033.36666666667,12.0704236610711
2019-08-14,456.64,1.1416,4927.45,12.318625
2019-08-15,471.8,1.12066508313539,5316.33333333333,12.6278701504355
2019-08-16,463.37,1.0183956043956,5414.2,11.8993406593407
2019-08-17,351.17,1.1328064516129,4369.71666666667,14.0958602150538
2019-08-18,352.82,1.25113475177305,4149.93333333333,14.7160756501182
2019-08-19,488.94,1.15044705882353,5417.7,12.7475294117647
2019-08-20,476.12,1.17851485148515,5059.9,12.524504950495
2019-08-21,421.6,1.1909604519774,4209.13333333333,11.8902071563089
2019-08-22,468.6,1.25294117647059,5062.13333333333,13.5351158645276
2019-08-23,499.07,1.16605140186916,5797.08333333333,13.5445872274143
2019-08-24,309.18,1.25682926829268,3587.68333333333,14.5840785907859
2019-08-25,324.18,1.09891525423729,3897.33333333333,13.2112994350282
2019-08-26,436.56,1.16106382978723,4941.4,13.1420212765957
2019-08-27,425.42,1.1284350132626,4828.7,12.8082228116711
2019-08-28,399.99,1.05260526315789,4606.98333333333,12.1236403508772
2019-08-29,429.3,1.15093833780161,4722.05,12.6596514745308
2019-08-30,370.27,1.13929230769231,4003.01666666667,12.3169743589744
2019-08-31,335.8,1.11192052980132,4494.55,14.8826158940397
2019-09-01,331.6,1.23731343283582,4007.71666666667,14.9541666666667
2019-09-02,261.01,1.03166007905138,3095.96666666667,12.237022397892
2019-09-03,458.96,1.15607052896725,4997.68333333333,12.5886230058774
2019-09-04,480.16,1.17112195121951,5314.76666666667,12.9628455284553
2019-09-05,425.51,1.063775,4647.28333333333,11.6182083333333
2019-09-06,428.89,1.16230352303523,4817.8,13.0563685636856
2019-09-07,252.56,1.15853211009174,2991.53333333333,13.722629969419
2019-09-08,253.02,1.18788732394366,2709.66666666667,12.7214397496088
2019-09-09,337.96,1.07974440894569,3950.11666666667,12.6201810436635
2019-09-10,353.84,1.16778877887789,3801.25,12.5453795379538
2019-09-11,423.41,1.08012755102041,4462.78333333333,11.3846513605442
2019-09-12,430.45,1.15402144772118,4708.35,12.6229222520107
2019-09-13,383.42,1.13103244837758,4121.66666666667,12.1583087512291
2019-09-14,329.7,1.08811881188119,4133.33333333333,13.6413641364136
2019-09-15,155.15,0.994551282051282,1998.91666666667,12.8135683760684
2019-09-16,344,1.17808219178082,4053.23333333333,13.8809360730594
2019-09-17,237.59,1.12070754716981,2474.91666666667,11.6741352201258
2019-09-18,306.6,1.11086956521739,3505.23333333333,12.7001207729469
2019-09-19,371.74,1.15089783281734,3894.88333333333,12.0584623323013
2019-09-20,235.45,1.2457671957672,2411.83333333333,12.7610229276896
2019-09-21,211.3,1.20056818181818,2729.35,15.5076704545455
2019-09-22,109.76,0.971327433628319,1475.95,13.0615044247788
2019-09-23,347.81,1.16714765100671,4113.01666666667,13.8020693512304
2019-09-24,457.77,1.17076726342711,4896.66666666667,12.5234441602728
2019-09-25,495.83,1.19765700483092,5344.55,12.9095410628019
2019-09-26,361.88,1.11006134969325,3967.71666666667,12.1709100204499
2019-09-27,362.68,1.08912912912913,4114.08333333333,12.3546046046046
2019-09-28,329.75,1.22583643122677,4084.61666666667,15.184448574969
2019-09-29,154.36,1.09475177304965,1679.86666666667,11.9139479905437
2019-09-30,376.23,1.08112068965517,4097.03333333333,11.7730842911877
2019-10-01,349.35,1.09858490566038,4110.51666666667,12.9261530398323
2019-10-02,342.83,0.990838150289017,4058.7,11.7303468208092
2019-10-03,316.74,1.0023417721519,3671.5,11.618670886076
2019-10-04,349.89,1.0866149068323,4307.08333333333,13.3760351966874
2019-10-05,276.98,1.19904761904762,3536.3,15.308658008658
2019-10-06,253.31,1.06432773109244,3081.76666666667,12.9485994397759
2019-10-07,392.64,1.09983193277311,4641.86666666667,13.0024276377218
2019-10-08,320.95,1.06983333333333,3212.46666666667,10.7082222222222
2019-10-09,373.2,1.11736526946108,4010.55,12.0076347305389
2019-10-10,405.6,1.20356083086053,4340.13333333333,12.8787339268051
2019-10-11,338.37,1.05083850931677,3945,12.2515527950311
2019-10-12,300.52,1.16933852140078,3533.75,13.75
2019-10-13,253.96,1.07610169491525,3326.28333333333,14.0944209039548
2019-10-14,383.27,1.12067251461988,4211.13333333333,12.3132553606238
2019-10-15,383.59,1.099111747851,4403.7,12.6180515759312
2019-10-16,188.27,1.06367231638418,2010.38333333333,11.3580979284369
2019-10-17,241.64,1.00265560165975,2729.15,11.3242738589212
2019-10-18,316.12,1.17081481481481,3444,12.7555555555556
2019-10-19,193.59,1.02973404255319,2414.86666666667,12.8450354609929
2019-10-20,172.49,0.974519774011299,2137.21666666667,12.074670433145
2019-10-21,309.67,1.11794223826715,3305.11666666667,11.9318291215403
2019-10-22,343.03,1.05873456790123,3873.36666666667,11.9548353909465
2019-10-23,365.67,1.13562111801242,3740,11.6149068322981
2019-10-24,422.67,1.2110888252149,4524.33333333333,12.96370582617
2019-10-25,307.78,1.13992592592593,3483.71666666667,12.9026543209877
2019-10-26,229.65,1.0731308411215,2868.13333333333,13.402492211838
2019-10-27,217.09,1.12481865284974,2460.88333333333,12.7506908462867
2019-10-28,311.54,1.05965986394558,3275.58333333333,11.1414399092971
2019-10-29,297.06,1.07630434782609,3267.33333333333,11.8381642512077
2019-10-30,285.75,1.06226765799257,3136.55,11.6600371747212
2019-10-31,315.53,1.19067924528302,3311.25,12.4952830188679
2019-11-01,329.23,1.03858044164038,3813.68333333333,12.0305467928496
2019-11-02,222.68,1.02617511520737,2787.7,12.8465437788018
2019-11-03,209.64,1.10336842105263,2348.43333333333,12.3601754385965
2019-11-04,342.69,1.10189710610932,3414.73333333333,10.9798499464094
2019-11-05,300.98,1.10654411764706,3120.96666666667,11.4741421568627
2019-11-06,357.41,1.10311728395062,3875.95,11.9628086419753
2019-11-07,348.74,1.11775641025641,3704.68333333333,11.873985042735
2019-11-08,332.1,1.15714285714286,3394.25,11.8266550522648
2019-11-09,197.72,1.11706214689266,2301.81666666667,13.0046139359699
2019-11-10,201.92,1.21638554216867,2356.26666666667,14.1943775100402
2019-11-11,300.42,1.10448529411765,3244.23333333333,11.9273284313725
2019-11-12,290.19,1.209125,3082.16666666667,12.8423611111111
2019-11-13,322.57,1.08244966442953,3302.85,11.083389261745
2019-11-14,350.31,1.17553691275168,3777.03333333333,12.6746085011186
2019-11-15,331.12,1.20846715328467,3570.2,13.0299270072993
2019-11-16,238.25,1.02693965517241,2727.33333333333,11.7557471264368
2019-11-17,193.89,1.12075144508671,2185.38333333333,12.6322736030829
2019-11-18,264.52,1.03733333333333,2787.75,10.9323529411765
2019-11-19,278.69,1.1059126984127,2911.96666666667,11.5554232804233
2019-11-20,329.72,1.10644295302013,3434.16666666667,11.5240492170022
2019-11-21,358.18,1.20194630872483,3596.46666666667,12.0686800894855
2019-11-22,255.64,1.07411764705882,2805.25,11.7867647058824
2019-11-23,188.32,1.02907103825137,1937.78333333333,10.5889799635701
2019-11-24,163.74,1.17798561151079,1855.28333333333,13.3473621103118
2019-11-25,251.34,1.1372850678733,2536.31666666667,11.4765460030166
2019-11-26,192.42,1.0021875,2071.88333333333,10.7910590277778
2019-11-27,212.18,1.0350243902439,2407.41666666667,11.7434959349594
2019-11-28,83.42,0.937303370786517,1118.91666666667,12.5720973782772
2019-11-29,157.25,1.01451612903226,1866.9,12.0445161290323
2019-11-30,171.84,1.11584415584416,2102.58333333333,13.6531385281385
2019-12-01,107.99,0.990733944954128,1464.7,13.4376146788991
2019-12-02,243.03,1.08982062780269,2642.91666666667,11.851644245142
2019-12-03,266.28,1.02022988505747,2862.35,10.9668582375479
2019-12-04,255.74,0.995097276264591,2675.01666666667,10.4086251621271
2019-12-05,308.68,1.15179104477612,3092.18333333333,11.5379975124378
2019-12-06,276.61,1.15254166666667,3025.96666666667,12.6081944444444
2019-12-07,88.93,1.12569620253165,1065.33333333333,13.4852320675105
2019-12-08,201.5,1.09510869565217,2705.18333333333,14.7020833333333
2019-12-09,267.3,1.08658536585366,2951.85,11.9993902439024
2019-12-10,192.39,1.21,1956.36666666667,12.3041928721174
2019-12-11,180.7,1.09515151515152,1739.13333333333,10.540202020202
2019-12-12,200.41,1.10115384615385,2046.21666666667,11.2429487179487
2019-12-13,265.4,1.11046025104603,2866.66666666667,11.9944211994421
2019-12-14,151.28,1.12059259259259,1694.93333333333,12.5550617283951
2019-12-15,151.93,1.23520325203252,1678.33333333333,13.6449864498645
2019-12-16,258.88,1.17140271493213,2742.25,12.408371040724
2019-12-17,244.21,1.16290476190476,2589.45,12.3307142857143
2019-12-18,201.11,1.11727777777778,2213.5,12.2972222222222
2019-12-19,157.92,1.14434782608696,1687.45,12.2278985507246
2019-12-20,199.61,1.12140449438202,2164.11666666667,12.1579588014981
2019-12-21,82.08,1.01333333333333,1017.03333333333,12.5559670781893
2019-12-22,109.86,1.00788990825688,1201.26666666667,11.0207951070336
2019-12-23,186.71,1.00381720430108,2319.15,12.4685483870968
2019-12-24,110.45,0.843129770992366,1303,9.94656488549618
2019-12-25,69.55,0.903246753246753,935.2,12.1454545454545
2019-12-26,139.29,1.09677165354331,1727.45,13.601968503937
2019-12-27,167.92,1.00550898203593,2097.68333333333,12.5609780439122
2019-12-28,151.9,1.2349593495935,1894.83333333333,15.4051490514905
2019-12-29,119.58,0.972195121951219,1424.38333333333,11.580352303523
2019-12-30,177.33,1.16664473684211,1916.4,12.6078947368421
2019-12-31,87.64,0.963076923076923,1091.36666666667,11.9930402930403
2020-01-01,132.36,1.13128205128205,1579.86666666667,13.5031339031339
2020-01-02,193.32,1.23923076923077,2137.6,13.7025641025641
2020-01-03,213.51,1.05177339901478,2233.61666666667,11.0030377668309
2020-01-04,91.56,0.95375,1145.88333333333,11.9362847222222
2020-01-05,100.3,1.003,1234.98333333333,12.3498333333333
2020-01-06,163.9,1.10743243243243,1808.66666666667,12.2207207207207
2020-01-07,195.47,1.1233908045977,2198.76666666667,12.6365900383142
2020-01-08,190.91,0.994322916666667,2177.8,11.3427083333333
2020-01-09,232.07,1.16035,2315.98333333333,11.5799166666667
2020-01-10,165.05,1.13827586206897,1596.51666666667,11.0104597701149
2020-01-11,156.44,1.07150684931507,1598.11666666667,10.94600456621
2020-01-12,94.45,0.994210526315789,1214.96666666667,12.7891228070175
2020-01-13,147.75,1.10261194029851,1441.45,10.7570895522388
2020-01-14,189.83,1.20145569620253,1966.03333333333,12.4432489451477
2020-01-15,188.18,1.05719101123596,1847.06666666667,10.3767790262172
2020-01-16,238.43,1.24182291666667,2319.3,12.0796875
2020-01-17,201.98,1.14112994350282,2026.35,11.4483050847458
2020-01-18,101.59,1.04731958762887,1124.05,11.5881443298969
2020-01-19,119.63,0.892761194029851,1313.93333333333,9.80547263681592
2020-01-20,164.87,1.0304375,1973.91666666667,12.3369791666667
2020-01-21,189.53,1.10191860465116,1922.13333333333,11.1751937984496
2020-01-22,204.29,1.07521052631579,2271.01666666667,11.9527192982456
2020-01-23,150,1.20967741935484,1599.88333333333,12.9022849462366
2020-01-24,257.7,1.15044642857143,2619.61666666667,11.6947172619048
2020-01-25,167.45,1.0465625,1919.81666666667,11.9988541666667
2020-01-26,126.68,1.08273504273504,1283.68333333333,10.9716524216524
2020-01-27,171.43,1.19048611111111,1599.35,11.1065972222222
2020-01-28,170.75,1.12335526315789,1818.5,11.9638157894737
2020-01-29,183.55,1.20756578947368,1777.81666666667,11.6961622807018
2020-01-30,244.76,1.14373831775701,2594.28333333333,12.1228193146417
2020-01-31,283.32,1.09389961389961,3079.15,11.88861003861
2020-02-01,181.44,1.10634146341463,2092.56666666667,12.7595528455285
2020-02-02,151.57,1.06739436619718,1805.56666666667,12.7152582159624
2020-02-03,225.04,1.11960199004975,2459.41666666667,12.235903814262
2020-02-04,189.9,1.17950310559006,2005.56666666667,12.4569358178054
2020-02-05,238.45,1.19824120603015,2505.31666666667,12.5895309882747
2020-02-06,307.98,1.15781954887218,3229.95,12.1426691729323
2020-02-07,238.16,1.08748858447489,2455.41666666667,11.2119482496195
2020-02-08,172.13,1.04957317073171,2100.33333333333,12.8069105691057
2020-02-09,204.99,1.24993902439024,2265.16666666667,13.8119918699187
2020-02-10,211.61,1.08517948717949,2264.48333333333,11.612735042735
2020-02-11,249.97,1.08212121212121,2490.71666666667,10.7823232323232
2020-02-12,274.83,1.16453389830508,2796.86666666667,11.8511299435028
2020-02-13,195.8,1.11885714285714,1918.03333333333,10.9601904761905
2020-02-14,258.66,1.15991031390135,2492.63333333333,11.1777279521674
2020-02-15,77.61,1.00792207792208,833.066666666667,10.8190476190476
2020-02-16,146.22,1.03702127659574,1579.53333333333,11.2023640661939
2020-02-17,190.62,1.04736263736264,2147.45,11.7991758241758
2020-02-18,233.03,1.15361386138614,2343.06666666667,11.5993399339934
2020-02-19,214.34,1.16489130434783,2389.41666666667,12.9859601449275
2020-02-20,304.86,1.21458167330677,3208.73333333333,12.7837981407703
2020-02-21,311.43,1.23094861660079,3286.18333333333,12.9888669301713
2020-02-22,170.67,0.91758064516129,2177.63333333333,11.70770609319
2020-02-23,151.52,0.983896103896104,1798.8,11.6805194805195
2020-02-24,204.54,1.04357142857143,2146.13333333333,10.9496598639456
2020-02-25,282.54,1.16271604938272,2996.36666666667,12.3307270233196
2020-02-26,268.89,1.13936440677966,2798.9,11.8597457627119
2020-02-27,279.81,1.14676229508197,2922.58333333333,11.9778005464481
2020-02-28,277.83,1.14805785123967,2973.05,12.2853305785124
2020-02-29,148.29,1.12340909090909,1835.71666666667,13.9069444444444
2020-03-01,140.42,1.08015384615385,1656.31666666667,12.7408974358974
2020-03-02,211.01,1.17227777777778,2163.93333333333,12.0218518518519
2020-03-03,232.91,1.17631313131313,2408.58333333333,12.1645622895623
2020-03-04,270.96,1.11049180327869,3078.53333333333,12.6169398907104
2020-03-05,288.12,1.19551867219917,3136.25,13.0134854771784
2020-03-06,179.53,1.20489932885906,1938.23333333333,13.0082774049217
2020-03-07,131.17,1.09308333333333,1400.13333333333,11.6677777777778
2020-03-08,149.58,1.04601398601399,1634.65,11.4311188811189
2020-03-09,248.65,1.10511111111111,2607.43333333333,11.5885925925926
2020-03-10,319.54,1.31497942386831,3490.03333333333,14.3622770919067
2020-03-11,237.97,1.15519417475728,2442.01666666667,11.8544498381877
2020-03-12,165.38,1.29203125,1659.63333333333,12.9658854166667
2020-03-13,130.63,1.15601769911504,1322.93333333333,11.7073746312684
2020-03-14,65.77,1.07819672131148,740.183333333333,12.1341530054645
2020-03-15,113.05,1.14191919191919,1265.43333333333,12.7821548821549
2020-03-16,143.61,1.25973684210526,1808.73333333333,15.866081871345
2020-03-17,117.95,1.24157894736842,1245.45,13.11
2020-03-18,129.06,1.14212389380531,1764.41666666667,15.6143067846608
2020-03-19,145.64,1.34851851851852,1825.7,16.9046296296296
2020-03-20,146.04,1.43176470588235,1808.81666666667,17.7334967320261
2020-03-21,129.14,1.41912087912088,1680.93333333333,18.4717948717949
2020-03-22,95.88,1.24519480519481,1277.2,16.587012987013
2020-03-23,78.55,1.20846153846154,1112.8,17.12
2020-03-24,57.21,1.33046511627907,698.583333333333,16.2461240310078
2020-03-25,57.71,1.0888679245283,711.25,13.4198113207547
2020-03-26,73.93,1.44960784313725,896.266666666667,17.5738562091503
2020-03-27,43.27,1.3521875,545.033333333333,17.0322916666667
2020-03-28,72.19,1.56934782608696,919.033333333333,19.9789855072464
2020-03-29,57.56,1.10692307692308,846.983333333333,16.288141025641
2020-03-30,47.21,1.07295454545455,642.8,14.6090909090909
2020-03-31,74.31,1.21819672131148,844.083333333333,13.8374316939891
